id,Area,Area_ID,Total_Vehicle_Count,Parking_Spaces,Occupancy,Day_of_Week,Time
58885,12th Avenue,0,15,40,0.375,1,1.00
58886,12th Avenue,0,36,80,0.45,1,1.00
58887,12th Avenue,0,27,91,0.2967,1,1.00
58888,12th Avenue,0,12,48,0.25,1,1.00
58890,12th Avenue,0,12,77,0.1558,1,1.00
58891,12th Avenue,0,10,36,0.2778,1,1.00
58970,12th Avenue,0,16,28,0.5714,1,1.08
11361,Ballard,2,1,34,0.0294,7,0.00
11395,Ballard,2,1,34,0.0294,7,0.08
11430,Ballard,2,1,34,0.0294,7,0.17
11464,Ballard,2,1,34,0.0294,7,0.25
11503,Ballard,2,1,22,0.0455,7,0.33
11533,Ballard,2,1,34,0.0294,7,0.42
11537,Ballard,2,1,22,0.0455,7,0.42
11604,Ballard,2,1,34,0.0294,7,0.58
11620,Ballard,2,1,21,0.0476,7,0.58
11639,Ballard,2,1,34,0.0294,7,0.67
11654,Ballard,2,1,21,0.0476,7,0.67
11677,Ballard,2,1,22,0.0455,7,0.75
11719,Ballard,2,1,21,0.0476,7,0.83
11807,Ballard,2,1,21,0.0476,7,1.08
11825,Ballard,2,1,34,0.0294,7,1.17
11856,Ballard,2,1,34,0.0294,7,1.25
21685,Ballard,2,1,39,0.0256,4,0.00
21713,Ballard,2,1,21,0.0476,4,0.00
21732,Ballard,2,1,39,0.0256,4,0.08
21760,Ballard,2,1,21,0.0476,4,0.08
21778,Ballard,2,1,39,0.0256,4,0.17
21805,Ballard,2,1,21,0.0476,4,0.17
21810,Ballard,2,1,24,0.0417,4,0.25
21821,Ballard,2,1,39,0.0256,4,0.25
21837,Ballard,2,1,21,0.0476,4,0.25
21850,Ballard,2,1,21,0.0476,4,0.25
21856,Ballard,2,1,24,0.0417,4,0.33
21868,Ballard,2,1,39,0.0256,4,0.33
21873,Ballard,2,1,23,0.0435,4,0.33
21899,Ballard,2,1,21,0.0476,4,0.33
21904,Ballard,2,1,24,0.0417,4,0.42
21916,Ballard,2,1,39,0.0256,4,0.42
21921,Ballard,2,1,23,0.0435,4,0.42
21947,Ballard,2,1,21,0.0476,4,0.42
21953,Ballard,2,1,24,0.0417,4,0.50
21965,Ballard,2,1,39,0.0256,4,0.50
21970,Ballard,2,1,23,0.0435,4,0.50
21996,Ballard,2,1,21,0.0476,4,0.50
22002,Ballard,2,1,24,0.0417,4,0.58
22014,Ballard,2,1,39,0.0256,4,0.58
22019,Ballard,2,1,23,0.0435,4,0.58
22046,Ballard,2,1,21,0.0476,4,0.58
22052,Ballard,2,1,24,0.0417,4,0.67
22063,Ballard,2,1,39,0.0256,4,0.67
22068,Ballard,2,1,23,0.0435,4,0.67
22092,Ballard,2,1,21,0.0476,4,0.67
22099,Ballard,2,1,24,0.0417,4,0.75
22111,Ballard,2,1,39,0.0256,4,0.75
22116,Ballard,2,1,23,0.0435,4,0.75
22141,Ballard,2,1,21,0.0476,4,0.75
22146,Ballard,2,1,24,0.0417,4,0.83
22156,Ballard,2,1,39,0.0256,4,0.83
22183,Ballard,2,1,21,0.0476,4,0.83
22189,Ballard,2,1,24,0.0417,4,0.92
22200,Ballard,2,1,39,0.0256,4,0.92
22225,Ballard,2,1,21,0.0476,4,0.92
22231,Ballard,2,1,24,0.0417,4,1.00
22240,Ballard,2,1,39,0.0256,4,1.00
22266,Ballard,2,1,21,0.0476,4,1.00
22272,Ballard,2,1,24,0.0417,4,1.08
22283,Ballard,2,1,39,0.0256,4,1.08
22286,Ballard,2,1,23,0.0435,4,1.08
22309,Ballard,2,1,21,0.0476,4,1.08
33191,Ballard,2,1,21,0.0476,2,0.00
33220,Ballard,2,1,39,0.0256,2,0.08
33263,Ballard,2,1,21,0.0476,2,0.08
33291,Ballard,2,1,39,0.0256,2,0.17
33365,Ballard,2,1,39,0.0256,2,0.25
33438,Ballard,2,1,39,0.0256,2,0.33
33512,Ballard,2,1,39,0.0256,2,0.42
33585,Ballard,2,1,39,0.0256,2,0.50
33658,Ballard,2,1,39,0.0256,2,0.58
33735,Ballard,2,1,39,0.0256,2,0.67
33808,Ballard,2,1,39,0.0256,2,0.75
33883,Ballard,2,1,39,0.0256,2,0.83
33924,Ballard,2,1,21,0.0476,2,0.83
33954,Ballard,2,1,39,0.0256,2,0.92
34020,Ballard,2,1,39,0.0256,2,1.00
34323,Ballard,2,1,39,0.0256,1,0.17
34350,Ballard,2,1,39,0.0256,1,0.25
34383,Ballard,2,1,39,0.0256,1,0.33
34417,Ballard,2,1,39,0.0256,1,0.42
34451,Ballard,2,1,39,0.0256,1,0.50
34481,Ballard,2,1,39,0.0256,1,0.58
34512,Ballard,2,1,39,0.0256,1,0.67
34546,Ballard,2,1,39,0.0256,1,0.75
34577,Ballard,2,1,39,0.0256,1,0.83
34606,Ballard,2,1,39,0.0256,1,0.92
34717,Ballard,2,1,39,0.0256,1,1.25
40641,Ballard,2,1,23,0.0435,4,0.58
40650,Ballard,2,1,23,0.0435,4,0.67
40658,Ballard,2,1,23,0.0435,4,0.75
40666,Ballard,2,1,23,0.0435,4,0.83
40674,Ballard,2,1,23,0.0435,4,0.92
40682,Ballard,2,1,23,0.0435,4,1.00
40690,Ballard,2,1,23,0.0435,4,1.08
40698,Ballard,2,1,23,0.0435,4,1.17
40706,Ballard,2,1,23,0.0435,4,1.25
54548,Ballard,2,1,27,0.037,5,0.00
54577,Ballard,2,1,42,0.0238,5,0.08
54580,Ballard,2,1,23,0.0435,5,0.08
54582,Ballard,2,1,27,0.037,5,0.08
54610,Ballard,2,1,42,0.0238,5,0.17
54615,Ballard,2,1,27,0.037,5,0.17
54647,Ballard,2,1,42,0.0238,5,0.25
54650,Ballard,2,1,23,0.0435,5,0.25
54653,Ballard,2,1,27,0.037,5,0.25
54683,Ballard,2,1,42,0.0238,5,0.33
54686,Ballard,2,1,23,0.0435,5,0.33
54689,Ballard,2,1,27,0.037,5,0.33
54719,Ballard,2,1,42,0.0238,5,0.42
54722,Ballard,2,1,23,0.0435,5,0.42
54724,Ballard,2,1,27,0.037,5,0.42
54755,Ballard,2,1,42,0.0238,5,0.50
54758,Ballard,2,1,23,0.0435,5,0.50
54760,Ballard,2,1,27,0.037,5,0.50
54791,Ballard,2,1,42,0.0238,5,0.58
54794,Ballard,2,1,23,0.0435,5,0.58
54796,Ballard,2,1,27,0.037,5,0.58
54826,Ballard,2,1,42,0.0238,5,0.67
54828,Ballard,2,1,23,0.0435,5,0.67
54830,Ballard,2,1,27,0.037,5,0.67
54861,Ballard,2,1,23,0.0435,5,0.75
54895,Ballard,2,1,23,0.0435,5,0.83
54995,Ballard,2,1,23,0.0435,5,1.08
54998,Ballard,2,1,27,0.037,5,1.08
55030,Ballard,2,1,23,0.0435,5,1.17
495,Ballard Locks,2,1,28,0.0357,5,0.00
497,Ballard Locks,3,1,28,0.0357,5,0.08
499,Ballard Locks,3,1,40,0.025,5,0.17
501,Ballard Locks,3,1,40,0.025,5,0.25
503,Ballard Locks,3,1,40,0.025,5,0.33
505,Ballard Locks,3,1,28,0.0357,5,0.42
507,Ballard Locks,3,1,40,0.025,5,0.50
508,Ballard Locks,3,1,40,0.025,5,0.58
510,Ballard Locks,3,1,40,0.025,5,0.67
512,Ballard Locks,3,1,40,0.025,5,0.75
514,Ballard Locks,3,1,40,0.025,5,0.83
516,Ballard Locks,3,1,40,0.025,5,0.92
11880,Ballard Locks,3,1,28,0.0357,3,0.00
11882,Ballard Locks,3,1,28,0.0357,3,0.08
11884,Ballard Locks,3,1,40,0.025,3,0.17
11886,Ballard Locks,3,1,40,0.025,3,0.25
11888,Ballard Locks,3,1,40,0.025,3,0.33
11890,Ballard Locks,3,1,40,0.025,3,0.42
11891,Ballard Locks,3,1,40,0.025,3,0.50
11892,Ballard Locks,3,1,40,0.025,3,0.58
11894,Ballard Locks,3,1,40,0.025,3,0.67
11896,Ballard Locks,3,1,28,0.0357,3,0.75
11898,Ballard Locks,3,1,40,0.025,3,0.83
11900,Ballard Locks,3,1,40,0.025,3,0.92
11902,Ballard Locks,3,1,40,0.025,3,1.00
21423,Ballard Locks,3,1,28,0.0357,4,0.00
21425,Ballard Locks,3,1,28,0.0357,4,0.08
21427,Ballard Locks,3,1,40,0.025,4,0.17
21431,Ballard Locks,3,1,40,0.025,4,0.42
21433,Ballard Locks,3,1,40,0.025,4,0.50
21435,Ballard Locks,3,1,28,0.0357,4,0.58
21437,Ballard Locks,3,1,28,0.0357,4,0.67
21439,Ballard Locks,3,1,28,0.0357,4,0.75
21441,Ballard Locks,3,1,40,0.025,4,0.83
21443,Ballard Locks,3,1,28,0.0357,4,0.92
21445,Ballard Locks,3,1,28,0.0357,4,1.00
22312,Ballard Locks,3,1,28,0.0357,5,0.00
22314,Ballard Locks,3,1,28,0.0357,5,0.08
22316,Ballard Locks,3,1,40,0.025,5,0.17
22318,Ballard Locks,3,1,28,0.0357,5,0.25
22320,Ballard Locks,3,1,28,0.0357,5,0.33
22321,Ballard Locks,3,1,40,0.025,5,0.42
22323,Ballard Locks,3,1,40,0.025,5,0.50
22325,Ballard Locks,3,1,40,0.025,5,0.58
22326,Ballard Locks,3,1,40,0.025,5,0.67
22328,Ballard Locks,3,1,40,0.025,5,0.75
22329,Ballard Locks,3,1,40,0.025,5,0.83
22331,Ballard Locks,3,1,40,0.025,5,0.92
22333,Ballard Locks,3,1,40,0.025,5,1.00
26368,Ballard Locks,3,1,28,0.0357,5,0.00
26412,Ballard Locks,3,1,40,0.025,5,0.08
26458,Ballard Locks,3,1,40,0.025,5,0.17
26504,Ballard Locks,3,1,40,0.025,5,0.25
26547,Ballard Locks,3,1,40,0.025,5,0.33
26588,Ballard Locks,3,1,40,0.025,5,0.42
26630,Ballard Locks,3,1,40,0.025,5,0.50
26671,Ballard Locks,3,1,40,0.025,5,0.58
26711,Ballard Locks,3,1,40,0.025,5,0.67
26838,Ballard Locks,3,1,40,0.025,5,0.92
34208,Ballard Locks,3,2,68,0.0294,3,0.00
34210,Ballard Locks,3,1,28,0.0357,3,0.08
34212,Ballard Locks,3,1,40,0.025,3,0.17
34214,Ballard Locks,3,1,40,0.025,3,0.25
34216,Ballard Locks,3,1,40,0.025,3,0.33
34217,Ballard Locks,3,1,40,0.025,3,0.42
34218,Ballard Locks,3,1,40,0.025,3,0.50
34219,Ballard Locks,3,1,40,0.025,3,0.58
34220,Ballard Locks,3,1,40,0.025,3,0.67
34221,Ballard Locks,3,1,40,0.025,3,0.75
34223,Ballard Locks,3,1,40,0.025,3,0.83
34225,Ballard Locks,3,1,40,0.025,3,0.92
34227,Ballard Locks,3,1,40,0.025,3,1.00
35496,Ballard Locks,3,1,40,0.025,4,0.00
35540,Ballard Locks,3,1,40,0.025,4,0.08
35584,Ballard Locks,3,1,40,0.025,4,0.17
35627,Ballard Locks,3,1,28,0.0357,4,0.25
35672,Ballard Locks,3,1,40,0.025,4,0.33
35718,Ballard Locks,3,1,40,0.025,4,0.42
35763,Ballard Locks,3,1,40,0.025,4,0.50
35809,Ballard Locks,3,1,28,0.0357,4,0.58
35851,Ballard Locks,3,1,28,0.0357,4,0.67
35986,Ballard Locks,3,1,40,0.025,4,0.92
36032,Ballard Locks,3,1,40,0.025,4,1.00
44330,Ballard Locks,3,1,28,0.0357,3,0.00
44331,Ballard Locks,3,1,28,0.0357,3,0.08
44332,Ballard Locks,3,1,40,0.025,3,0.17
44333,Ballard Locks,3,1,28,0.0357,3,0.25
44334,Ballard Locks,3,1,28,0.0357,3,0.33
44335,Ballard Locks,3,1,28,0.0357,3,0.42
44336,Ballard Locks,3,1,28,0.0357,3,0.50
44337,Ballard Locks,3,1,28,0.0357,3,0.58
44339,Ballard Locks,3,1,28,0.0357,3,0.67
44340,Ballard Locks,3,1,28,0.0357,3,0.75
44341,Ballard Locks,3,1,40,0.025,3,0.83
44342,Ballard Locks,3,1,28,0.0357,3,0.92
44343,Ballard Locks,3,1,40,0.025,3,1.00
53508,Ballard Locks,3,1,40,0.025,3,0.00
53549,Ballard Locks,3,1,40,0.025,3,0.08
53717,Ballard Locks,3,1,40,0.025,3,0.42
53760,Ballard Locks,3,1,40,0.025,3,0.50
53843,Ballard Locks,3,1,40,0.025,3,0.67
53930,Ballard Locks,3,1,28,0.0357,3,0.83
53973,Ballard Locks,3,1,40,0.025,3,0.92
54012,Ballard Locks,3,1,40,0.025,3,1.00
57995,Ballard Locks,3,1,40,0.025,3,0.00
57997,Ballard Locks,3,1,40,0.025,3,0.08
58000,Ballard Locks,3,1,40,0.025,3,0.25
58002,Ballard Locks,3,1,40,0.025,3,0.33
58004,Ballard Locks,3,1,40,0.025,3,0.42
58006,Ballard Locks,3,1,40,0.025,3,0.50
58007,Ballard Locks,3,1,40,0.025,3,0.58
58008,Ballard Locks,3,1,40,0.025,3,0.67
58010,Ballard Locks,3,1,40,0.025,3,0.75
58012,Ballard Locks,3,1,40,0.025,3,0.83
58014,Ballard Locks,3,1,40,0.025,3,0.92
58015,Ballard Locks,3,1,40,0.025,3,1.00
58016,Ballard Locks,3,1,40,0.025,3,1.08
58017,Ballard Locks,3,1,28,0.0357,3,1.17
1657,Capitol Hill,5,1,24,0.0417,4,0.00
1699,Capitol Hill,5,1,31,0.0323,4,0.08
1700,Capitol Hill,5,1,24,0.0417,4,0.08
1744,Capitol Hill,5,1,29,0.0345,4,0.17
1745,Capitol Hill,5,1,31,0.0323,4,0.17
1746,Capitol Hill,5,1,24,0.0417,4,0.17
1788,Capitol Hill,5,1,29,0.0345,4,0.25
1789,Capitol Hill,5,1,24,0.0417,4,0.25
1832,Capitol Hill,5,1,29,0.0345,4,0.33
1833,Capitol Hill,5,1,24,0.0417,4,0.33
1873,Capitol Hill,5,1,29,0.0345,4,0.42
1874,Capitol Hill,5,1,31,0.0323,4,0.42
1875,Capitol Hill,5,1,24,0.0417,4,0.42
1918,Capitol Hill,5,1,29,0.0345,4,0.50
1919,Capitol Hill,5,1,31,0.0323,4,0.50
1920,Capitol Hill,5,1,24,0.0417,4,0.50
1964,Capitol Hill,5,1,24,0.0417,4,0.58
2005,Capitol Hill,5,1,29,0.0345,4,0.67
2006,Capitol Hill,5,1,24,0.0417,4,0.67
2048,Capitol Hill,5,1,31,0.0323,4,0.75
2049,Capitol Hill,5,1,24,0.0417,4,0.75
2087,Capitol Hill,5,1,31,0.0323,4,0.83
2088,Capitol Hill,5,1,24,0.0417,4,0.83
2129,Capitol Hill,5,1,31,0.0323,4,0.92
2130,Capitol Hill,5,1,24,0.0417,4,0.92
2170,Capitol Hill,5,1,29,0.0345,4,1.00
2171,Capitol Hill,5,1,31,0.0323,4,1.00
2210,Capitol Hill,5,1,29,0.0345,4,1.08
2211,Capitol Hill,5,1,24,0.0417,4,1.08
2246,Capitol Hill,5,1,29,0.0345,4,1.17
2274,Capitol Hill,5,1,29,0.0345,4,1.25
2275,Capitol Hill,5,1,24,0.0417,4,1.25
13649,Capitol Hill,5,1,29,0.0345,5,-0.67
13650,Capitol Hill,5,1,31,0.0323,5,-0.67
13713,Capitol Hill,5,1,31,0.0323,5,0.08
13744,Capitol Hill,5,1,29,0.0345,5,0.17
13775,Capitol Hill,5,1,29,0.0345,5,0.25
13807,Capitol Hill,5,1,31,0.0323,5,0.33
13838,Capitol Hill,5,1,29,0.0345,5,0.42
13839,Capitol Hill,5,1,31,0.0323,5,0.42
13937,Capitol Hill,5,1,31,0.0323,5,0.67
13968,Capitol Hill,5,1,31,0.0323,5,0.75
14003,Capitol Hill,5,1,31,0.0323,5,0.83
14032,Capitol Hill,5,1,31,0.0323,5,0.92
14062,Capitol Hill,5,1,29,0.0345,5,1.00
14063,Capitol Hill,5,1,31,0.0323,5,1.00
14116,Capitol Hill,5,1,29,0.0345,5,1.17
14117,Capitol Hill,5,1,31,0.0323,5,1.17
14148,Capitol Hill,5,1,29,0.0345,5,1.25
14149,Capitol Hill,5,1,31,0.0323,5,1.25
33498,Capitol Hill,5,1,31,0.0323,2,0.42
33795,Capitol Hill,5,1,31,0.0323,2,0.75
33868,Capitol Hill,5,1,29,0.0345,2,0.83
33869,Capitol Hill,5,1,31,0.0323,2,0.83
33939,Capitol Hill,5,1,29,0.0345,2,0.92
33940,Capitol Hill,5,1,31,0.0323,2,0.92
43522,Capitol Hill,5,1,29,0.0345,5,0.67
43546,Capitol Hill,5,1,29,0.0345,5,0.75
43547,Capitol Hill,5,1,22,0.0455,5,0.75
43571,Capitol Hill,5,1,29,0.0345,5,0.83
43595,Capitol Hill,5,1,22,0.0455,5,0.92
43619,Capitol Hill,5,1,22,0.0455,5,1.00
43642,Capitol Hill,5,1,22,0.0455,5,1.08
43668,Capitol Hill,5,1,29,0.0345,5,1.17
43669,Capitol Hill,5,1,22,0.0455,5,1.17
43692,Capitol Hill,5,1,29,0.0345,5,1.25
43693,Capitol Hill,5,1,22,0.0455,5,1.25
56277,Capitol Hill,5,1,29,0.0345,5,0.00
56278,Capitol Hill,5,1,21,0.0476,5,0.00
56300,Capitol Hill,5,1,29,0.0345,5,0.08
56301,Capitol Hill,5,1,31,0.0323,5,0.08
56302,Capitol Hill,5,1,21,0.0476,5,0.08
56325,Capitol Hill,5,1,31,0.0323,5,0.17
56326,Capitol Hill,5,1,21,0.0476,5,0.17
56349,Capitol Hill,5,1,31,0.0323,5,0.25
56350,Capitol Hill,5,1,21,0.0476,5,0.25
56374,Capitol Hill,5,1,31,0.0323,5,0.33
56375,Capitol Hill,5,1,21,0.0476,5,0.33
56397,Capitol Hill,5,1,31,0.0323,5,0.42
56398,Capitol Hill,5,1,21,0.0476,5,0.42
56420,Capitol Hill,5,1,31,0.0323,5,0.50
56421,Capitol Hill,5,1,21,0.0476,5,0.50
56445,Capitol Hill,5,1,31,0.0323,5,0.58
56468,Capitol Hill,5,1,31,0.0323,5,0.67
56469,Capitol Hill,5,1,21,0.0476,5,0.67
56491,Capitol Hill,5,1,29,0.0345,5,0.75
56492,Capitol Hill,5,1,31,0.0323,5,0.75
56493,Capitol Hill,5,1,21,0.0476,5,0.75
56514,Capitol Hill,5,1,29,0.0345,5,0.83
56515,Capitol Hill,5,1,31,0.0323,5,0.83
56516,Capitol Hill,5,1,21,0.0476,5,0.83
56537,Capitol Hill,5,1,29,0.0345,5,0.92
56538,Capitol Hill,5,1,31,0.0323,5,0.92
56539,Capitol Hill,5,1,21,0.0476,5,0.92
56559,Capitol Hill,5,1,29,0.0345,5,1.00
56560,Capitol Hill,5,1,31,0.0323,5,1.00
56561,Capitol Hill,5,1,21,0.0476,5,1.00
56581,Capitol Hill,5,1,29,0.0345,5,1.08
56582,Capitol Hill,5,1,31,0.0323,5,1.08
56583,Capitol Hill,5,1,21,0.0476,5,1.08
56602,Capitol Hill,5,1,29,0.0345,5,1.17
56603,Capitol Hill,5,1,31,0.0323,5,1.17
56604,Capitol Hill,5,1,21,0.0476,5,1.17
56624,Capitol Hill,5,1,29,0.0345,5,1.25
56625,Capitol Hill,5,1,31,0.0323,5,1.25
56626,Capitol Hill,5,1,21,0.0476,5,1.25
1658,Cherry Hill,5,1,29,0.0345,4,0.00
1664,Cherry Hill,6,1,22,0.0455,4,0.00
1701,Cherry Hill,6,1,29,0.0345,4,0.08
1707,Cherry Hill,6,1,22,0.0455,4,0.08
1747,Cherry Hill,6,1,29,0.0345,4,0.17
1752,Cherry Hill,6,1,22,0.0455,4,0.17
1790,Cherry Hill,6,1,29,0.0345,4,0.25
1795,Cherry Hill,6,1,22,0.0455,4,0.25
1834,Cherry Hill,6,1,29,0.0345,4,0.33
1876,Cherry Hill,6,1,29,0.0345,4,0.42
1881,Cherry Hill,6,1,22,0.0455,4,0.42
1921,Cherry Hill,6,1,29,0.0345,4,0.50
1925,Cherry Hill,6,1,22,0.0455,4,0.50
1965,Cherry Hill,6,1,29,0.0345,4,0.58
1971,Cherry Hill,6,1,22,0.0455,4,0.58
2007,Cherry Hill,6,1,29,0.0345,4,0.67
2011,Cherry Hill,6,1,22,0.0455,4,0.67
2050,Cherry Hill,6,1,29,0.0345,4,0.75
2055,Cherry Hill,6,1,22,0.0455,4,0.75
2089,Cherry Hill,6,1,29,0.0345,4,0.83
2095,Cherry Hill,6,1,22,0.0455,4,0.83
2131,Cherry Hill,6,1,29,0.0345,4,0.92
2137,Cherry Hill,6,1,22,0.0455,4,0.92
2172,Cherry Hill,6,1,29,0.0345,4,1.00
2177,Cherry Hill,6,1,22,0.0455,4,1.00
2212,Cherry Hill,6,1,29,0.0345,4,1.08
2216,Cherry Hill,6,1,22,0.0455,4,1.08
15713,Cherry Hill,6,1,29,0.0345,4,0.00
15727,Cherry Hill,6,1,29,0.0345,4,0.08
15731,Cherry Hill,6,1,22,0.0455,4,0.08
15742,Cherry Hill,6,1,29,0.0345,4,0.17
15747,Cherry Hill,6,1,22,0.0455,4,0.17
15757,Cherry Hill,6,1,29,0.0345,4,0.25
15763,Cherry Hill,6,1,22,0.0455,4,0.25
15775,Cherry Hill,6,1,29,0.0345,4,0.33
15780,Cherry Hill,6,1,22,0.0455,4,0.33
15789,Cherry Hill,6,1,29,0.0345,4,0.42
15795,Cherry Hill,6,1,22,0.0455,4,0.42
15804,Cherry Hill,6,1,29,0.0345,4,0.50
15808,Cherry Hill,6,1,22,0.0455,4,0.50
15819,Cherry Hill,6,1,29,0.0345,4,0.58
15823,Cherry Hill,6,1,22,0.0455,4,0.58
15833,Cherry Hill,6,1,29,0.0345,4,0.67
15838,Cherry Hill,6,1,22,0.0455,4,0.67
15849,Cherry Hill,6,1,29,0.0345,4,0.75
15854,Cherry Hill,6,1,22,0.0455,4,0.75
15863,Cherry Hill,6,1,29,0.0345,4,0.83
15868,Cherry Hill,6,1,22,0.0455,4,0.83
15878,Cherry Hill,6,1,29,0.0345,4,0.92
15883,Cherry Hill,6,1,22,0.0455,4,0.92
15891,Cherry Hill,6,1,29,0.0345,4,1.00
15896,Cherry Hill,6,1,22,0.0455,4,1.00
15904,Cherry Hill,6,1,29,0.0345,4,1.08
15909,Cherry Hill,6,1,22,0.0455,4,1.08
15139,Columbia City,8,1,26,0.0385,3,0.08
15284,Columbia City,8,1,26,0.0385,3,0.33
15426,Columbia City,8,1,26,0.0385,3,0.58
15694,Columbia City,8,1,26,0.0385,3,1.08
51304,Columbia City,8,1,25,0.04,4,0.00
51308,Columbia City,8,1,29,0.0345,4,0.00
51312,Columbia City,8,1,28,0.0357,4,0.00
51315,Columbia City,8,1,23,0.0435,4,0.00
51333,Columbia City,8,1,25,0.04,4,0.08
51337,Columbia City,8,1,29,0.0345,4,0.08
51338,Columbia City,8,1,28,0.0357,4,0.08
51339,Columbia City,8,1,25,0.04,4,0.08
51341,Columbia City,8,1,28,0.0357,4,0.08
51345,Columbia City,8,1,23,0.0435,4,0.08
51363,Columbia City,8,1,25,0.04,4,0.17
51367,Columbia City,8,1,29,0.0345,4,0.17
51369,Columbia City,8,1,25,0.04,4,0.17
51370,Columbia City,8,1,28,0.0357,4,0.17
51374,Columbia City,8,1,23,0.0435,4,0.17
51393,Columbia City,8,1,25,0.04,4,0.25
51397,Columbia City,8,1,29,0.0345,4,0.25
51398,Columbia City,8,1,28,0.0357,4,0.25
51399,Columbia City,8,1,25,0.04,4,0.25
51401,Columbia City,8,1,28,0.0357,4,0.25
51405,Columbia City,8,1,23,0.0435,4,0.25
51423,Columbia City,8,1,25,0.04,4,0.33
51427,Columbia City,8,1,29,0.0345,4,0.33
51429,Columbia City,8,1,25,0.04,4,0.33
51431,Columbia City,8,1,28,0.0357,4,0.33
51435,Columbia City,8,1,23,0.0435,4,0.33
51453,Columbia City,8,1,25,0.04,4,0.42
51457,Columbia City,8,1,29,0.0345,4,0.42
51459,Columbia City,8,1,25,0.04,4,0.42
51461,Columbia City,8,1,28,0.0357,4,0.42
51465,Columbia City,8,1,23,0.0435,4,0.42
51483,Columbia City,8,1,25,0.04,4,0.50
51487,Columbia City,8,1,29,0.0345,4,0.50
51488,Columbia City,8,1,28,0.0357,4,0.50
51489,Columbia City,8,1,25,0.04,4,0.50
51491,Columbia City,8,1,28,0.0357,4,0.50
51495,Columbia City,8,1,23,0.0435,4,0.50
51513,Columbia City,8,1,25,0.04,4,0.58
51517,Columbia City,8,1,29,0.0345,4,0.58
51519,Columbia City,8,1,25,0.04,4,0.58
51521,Columbia City,8,1,28,0.0357,4,0.58
51525,Columbia City,8,1,23,0.0435,4,0.58
51543,Columbia City,8,1,25,0.04,4,0.67
51547,Columbia City,8,1,29,0.0345,4,0.67
51549,Columbia City,8,1,25,0.04,4,0.67
51550,Columbia City,8,1,28,0.0357,4,0.67
51554,Columbia City,8,1,23,0.0435,4,0.67
51573,Columbia City,8,1,25,0.04,4,0.75
51577,Columbia City,8,1,29,0.0345,4,0.75
51579,Columbia City,8,1,25,0.04,4,0.75
51581,Columbia City,8,1,28,0.0357,4,0.75
51585,Columbia City,8,1,23,0.0435,4,0.75
51604,Columbia City,8,1,25,0.04,4,0.83
51608,Columbia City,8,1,29,0.0345,4,0.83
51610,Columbia City,8,1,25,0.04,4,0.83
51611,Columbia City,8,1,28,0.0357,4,0.83
51633,Columbia City,8,1,28,0.0357,4,0.92
51637,Columbia City,8,1,29,0.0345,4,0.92
51638,Columbia City,8,1,28,0.0357,4,0.92
51639,Columbia City,8,1,25,0.04,4,0.92
51640,Columbia City,8,1,28,0.0357,4,0.92
51661,Columbia City,8,1,28,0.0357,4,1.00
51665,Columbia City,8,1,29,0.0345,4,1.00
51667,Columbia City,8,1,25,0.04,4,1.00
51668,Columbia City,8,1,28,0.0357,4,1.00
51689,Columbia City,8,1,28,0.0357,4,1.08
51693,Columbia City,8,1,29,0.0345,4,1.08
51694,Columbia City,8,1,28,0.0357,4,1.08
51695,Columbia City,8,1,25,0.04,4,1.08
51697,Columbia City,8,1,28,0.0357,4,1.08
51701,Columbia City,8,1,23,0.0435,4,1.08
51718,Columbia City,8,1,28,0.0357,4,1.17
51722,Columbia City,8,1,29,0.0345,4,1.17
51723,Columbia City,8,1,28,0.0357,4,1.17
51724,Columbia City,8,1,25,0.04,4,1.17
51726,Columbia City,8,1,28,0.0357,4,1.17
51729,Columbia City,8,1,23,0.0435,4,1.17
9486,Commercial Core,9,1,21,0.0476,3,0.00
9554,Commercial Core,9,1,21,0.0476,3,0.08
9626,Commercial Core,9,1,21,0.0476,3,0.17
9696,Commercial Core,9,1,21,0.0476,3,0.25
9765,Commercial Core,9,1,21,0.0476,3,0.33
9835,Commercial Core,9,1,21,0.0476,3,0.42
9907,Commercial Core,9,1,21,0.0476,3,0.50
9969,Commercial Core,9,1,21,0.0476,3,0.58
10023,Commercial Core,9,1,21,0.0476,3,0.67
10078,Commercial Core,9,1,21,0.0476,3,0.75
10198,Commercial Core,9,1,21,0.0476,3,0.92
28906,Commercial Core,9,1,27,0.037,4,0.00
28989,Commercial Core,9,1,27,0.037,4,0.08
29073,Commercial Core,9,1,27,0.037,4,0.17
29156,Commercial Core,9,1,27,0.037,4,0.25
29232,Commercial Core,9,1,27,0.037,4,0.33
29311,Commercial Core,9,1,27,0.037,4,0.42
29392,Commercial Core,9,1,27,0.037,4,0.50
29537,Commercial Core,9,1,27,0.037,4,0.67
29679,Commercial Core,9,1,27,0.037,4,0.83
29734,Commercial Core,9,11,21,0.5238,4,0.92
29760,Commercial Core,9,1,27,0.037,4,0.92
29918,Commercial Core,9,1,27,0.037,4,1.08
46581,Commercial Core,9,1,21,0.0476,5,0.00
46679,Commercial Core,9,1,21,0.0476,5,0.08
46781,Commercial Core,9,1,27,0.037,5,0.17
46870,Commercial Core,9,1,21,0.0476,5,0.25
46876,Commercial Core,9,1,27,0.037,5,0.25
46965,Commercial Core,9,1,21,0.0476,5,0.33
46971,Commercial Core,9,1,27,0.037,5,0.33
47063,Commercial Core,9,1,21,0.0476,5,0.42
47069,Commercial Core,9,1,27,0.037,5,0.42
47161,Commercial Core,9,1,21,0.0476,5,0.50
47167,Commercial Core,9,1,27,0.037,5,0.50
47550,Commercial Core,9,1,27,0.037,5,0.83
47639,Commercial Core,9,1,21,0.0476,5,0.92
47645,Commercial Core,9,1,27,0.037,5,0.92
47739,Commercial Core,9,1,21,0.0476,5,1.00
47831,Commercial Core,9,1,21,0.0476,5,1.08
47928,Commercial Core,9,1,21,0.0476,5,1.17
47932,Commercial Core,9,1,27,0.037,5,1.17
59157,Commercial Core,9,1,25,0.04,4,0.17
59183,Commercial Core,9,1,25,0.04,4,0.25
59210,Commercial Core,9,1,25,0.04,4,0.33
59237,Commercial Core,9,1,25,0.04,4,0.42
59264,Commercial Core,9,1,25,0.04,4,0.50
59286,Commercial Core,9,1,25,0.04,4,0.58
59312,Commercial Core,9,1,25,0.04,4,0.67
59335,Commercial Core,9,1,25,0.04,4,0.75
59360,Commercial Core,9,1,25,0.04,4,0.83
59386,Commercial Core,9,1,25,0.04,4,0.92
59411,Commercial Core,9,1,25,0.04,4,1.00
59437,Commercial Core,9,1,25,0.04,4,1.08
4413,Denny Triangle,10,1,24,0.0417,4,0.00
4467,Denny Triangle,10,1,24,0.0417,4,0.08
4520,Denny Triangle,10,1,24,0.0417,4,0.17
4572,Denny Triangle,10,1,24,0.0417,4,0.25
4622,Denny Triangle,10,1,24,0.0417,4,0.33
4675,Denny Triangle,10,1,24,0.0417,4,0.42
4722,Denny Triangle,10,1,24,0.0417,4,0.50
4764,Denny Triangle,10,1,24,0.0417,4,0.58
4810,Denny Triangle,10,1,24,0.0417,4,0.67
4851,Denny Triangle,10,1,24,0.0417,4,0.75
4896,Denny Triangle,10,1,24,0.0417,4,0.83
4944,Denny Triangle,10,1,24,0.0417,4,0.92
4995,Denny Triangle,10,1,24,0.0417,4,1.00
34759,Denny Triangle Nort,11,20,30,0.6667,3,0.00
34814,Denny Triangle Nort,11,20,30,0.6667,3,0.08
34869,Denny Triangle Nort,11,20,30,0.6667,3,0.17
34922,Denny Triangle Nort,11,20,30,0.6667,3,0.25
34976,Denny Triangle Nort,11,20,30,0.6667,3,0.33
35026,Denny Triangle Nort,11,20,30,0.6667,3,0.42
35079,Denny Triangle Nort,11,20,30,0.6667,3,0.50
35134,Denny Triangle Nort,11,20,30,0.6667,3,0.58
35190,Denny Triangle Nort,11,20,30,0.6667,3,0.67
35246,Denny Triangle Nort,11,20,30,0.6667,3,0.75
35305,Denny Triangle Nort,11,20,30,0.6667,3,0.83
35359,Denny Triangle Nort,11,20,30,0.6667,3,0.92
35411,Denny Triangle Nort,11,20,30,0.6667,3,1.00
23853,Dexter,12,1,23,0.0435,3,0.00
23895,Dexter,13,1,23,0.0435,3,0.08
23942,Dexter,13,1,23,0.0435,3,0.17
23989,Dexter,13,1,23,0.0435,3,0.25
24033,Dexter,13,1,23,0.0435,3,0.33
24074,Dexter,13,1,23,0.0435,3,0.42
24118,Dexter,13,1,23,0.0435,3,0.50
24158,Dexter,13,1,23,0.0435,3,0.58
24206,Dexter,13,1,23,0.0435,3,0.67
24249,Dexter,13,1,23,0.0435,3,0.75
24333,Dexter,13,1,23,0.0435,3,0.92
549,Fremont,15,1,26,0.0385,3,0.00
551,Fremont,15,1,27,0.037,3,0.00
552,Fremont,15,1,59,0.0169,3,0.00
623,Fremont,15,1,26,0.0385,3,0.08
624,Fremont,15,1,27,0.037,3,0.08
626,Fremont,15,1,27,0.037,3,0.08
627,Fremont,15,1,59,0.0169,3,0.08
697,Fremont,15,1,26,0.0385,3,0.17
699,Fremont,15,1,27,0.037,3,0.17
701,Fremont,15,1,27,0.037,3,0.17
702,Fremont,15,1,59,0.0169,3,0.17
771,Fremont,15,1,26,0.0385,3,0.25
772,Fremont,15,1,27,0.037,3,0.25
774,Fremont,15,1,27,0.037,3,0.25
775,Fremont,15,1,59,0.0169,3,0.25
846,Fremont,15,1,26,0.0385,3,0.33
847,Fremont,15,1,27,0.037,3,0.33
849,Fremont,15,1,27,0.037,3,0.33
850,Fremont,15,1,59,0.0169,3,0.33
919,Fremont,15,1,26,0.0385,3,0.42
920,Fremont,15,1,27,0.037,3,0.42
922,Fremont,15,1,27,0.037,3,0.42
923,Fremont,15,1,59,0.0169,3,0.42
994,Fremont,15,1,26,0.0385,3,0.50
995,Fremont,15,1,27,0.037,3,0.50
997,Fremont,15,1,27,0.037,3,0.50
998,Fremont,15,1,59,0.0169,3,0.50
1067,Fremont,15,1,26,0.0385,3,0.58
1068,Fremont,15,1,27,0.037,3,0.58
1070,Fremont,15,1,27,0.037,3,0.58
1071,Fremont,15,1,26,0.0385,3,0.58
1141,Fremont,15,1,26,0.0385,3,0.67
1142,Fremont,15,1,27,0.037,3,0.67
1144,Fremont,15,1,26,0.0385,3,0.67
1213,Fremont,15,1,26,0.0385,3,0.75
1214,Fremont,15,1,27,0.037,3,0.75
1217,Fremont,15,1,59,0.0169,3,0.75
1282,Fremont,15,1,26,0.0385,3,0.83
1283,Fremont,15,1,27,0.037,3,0.83
1285,Fremont,15,1,27,0.037,3,0.83
1286,Fremont,15,1,59,0.0169,3,0.83
1353,Fremont,15,1,26,0.0385,3,0.92
1355,Fremont,15,1,27,0.037,3,0.92
1357,Fremont,15,1,27,0.037,3,0.92
1358,Fremont,15,1,59,0.0169,3,0.92
1428,Fremont,15,1,26,0.0385,3,1.00
1429,Fremont,15,1,27,0.037,3,1.00
1431,Fremont,15,1,27,0.037,3,1.00
1432,Fremont,15,1,26,0.0385,3,1.00
1502,Fremont,15,1,26,0.0385,3,1.08
1503,Fremont,15,1,27,0.037,3,1.08
1505,Fremont,15,1,27,0.037,3,1.08
1506,Fremont,15,1,26,0.0385,3,1.08
1575,Fremont,15,1,26,0.0385,3,1.17
1576,Fremont,15,1,27,0.037,3,1.17
1578,Fremont,15,1,27,0.037,3,1.17
1579,Fremont,15,1,26,0.0385,3,1.17
1630,Fremont,15,1,26,0.0385,3,1.25
1633,Fremont,15,1,27,0.037,3,1.25
1634,Fremont,15,1,26,0.0385,3,1.25
15921,Fremont,15,1,26,0.0385,5,0.00
15923,Fremont,15,1,27,0.037,5,0.00
15925,Fremont,15,1,27,0.037,5,0.00
15926,Fremont,15,1,59,0.0169,5,0.00
15938,Fremont,15,1,26,0.0385,5,0.08
15940,Fremont,15,1,27,0.037,5,0.08
15942,Fremont,15,1,27,0.037,5,0.08
15943,Fremont,15,1,59,0.0169,5,0.08
15955,Fremont,15,1,26,0.0385,5,0.17
15956,Fremont,15,1,27,0.037,5,0.17
15958,Fremont,15,1,27,0.037,5,0.17
15970,Fremont,15,1,26,0.0385,5,0.25
15971,Fremont,15,1,27,0.037,5,0.25
15973,Fremont,15,1,27,0.037,5,0.25
15985,Fremont,15,1,26,0.0385,5,0.33
15986,Fremont,15,1,27,0.037,5,0.33
15988,Fremont,15,1,27,0.037,5,0.33
16000,Fremont,15,1,26,0.0385,5,0.42
16001,Fremont,15,1,27,0.037,5,0.42
16003,Fremont,15,1,27,0.037,5,0.42
16015,Fremont,15,1,26,0.0385,5,0.50
16016,Fremont,15,1,40,0.025,5,0.50
16018,Fremont,15,1,27,0.037,5,0.50
16030,Fremont,15,1,26,0.0385,5,0.58
16031,Fremont,15,1,27,0.037,5,0.58
16033,Fremont,15,1,27,0.037,5,0.58
16034,Fremont,15,1,59,0.0169,5,0.58
16043,Fremont,15,1,26,0.0385,5,0.67
16045,Fremont,15,1,27,0.037,5,0.67
16058,Fremont,15,1,26,0.0385,5,0.75
16060,Fremont,15,1,27,0.037,5,0.75
16063,Fremont,15,1,26,0.0385,5,0.75
16074,Fremont,15,1,26,0.0385,5,0.83
16076,Fremont,15,1,27,0.037,5,0.83
16078,Fremont,15,1,27,0.037,5,0.83
16079,Fremont,15,1,59,0.0169,5,0.83
16091,Fremont,15,1,26,0.0385,5,0.92
16093,Fremont,15,1,27,0.037,5,0.92
16095,Fremont,15,1,27,0.037,5,0.92
16096,Fremont,15,1,59,0.0169,5,0.92
16107,Fremont,15,1,26,0.0385,5,1.00
16109,Fremont,15,1,27,0.037,5,1.00
16111,Fremont,15,1,27,0.037,5,1.00
16122,Fremont,15,1,26,0.0385,5,1.08
16124,Fremont,15,1,27,0.037,5,1.08
16126,Fremont,15,1,27,0.037,5,1.08
16127,Fremont,15,1,59,0.0169,5,1.08
27843,Fremont,15,1,26,0.0385,3,0.00
27845,Fremont,15,1,40,0.025,3,0.00
27848,Fremont,15,1,26,0.0385,3,0.00
27919,Fremont,15,1,26,0.0385,3,0.08
27921,Fremont,15,1,40,0.025,3,0.08
27924,Fremont,15,1,59,0.0169,3,0.08
27992,Fremont,15,1,26,0.0385,3,0.17
27993,Fremont,15,1,27,0.037,3,0.17
28068,Fremont,15,1,26,0.0385,3,0.25
28070,Fremont,15,1,27,0.037,3,0.25
28073,Fremont,15,1,59,0.0169,3,0.25
28147,Fremont,15,1,26,0.0385,3,0.33
28149,Fremont,15,1,27,0.037,3,0.33
28151,Fremont,15,1,27,0.037,3,0.33
28221,Fremont,15,1,26,0.0385,3,0.42
28223,Fremont,15,1,27,0.037,3,0.42
28225,Fremont,15,1,27,0.037,3,0.42
28226,Fremont,15,1,59,0.0169,3,0.42
28299,Fremont,15,1,26,0.0385,3,0.50
28301,Fremont,15,1,27,0.037,3,0.50
28302,Fremont,15,1,27,0.037,3,0.50
28303,Fremont,15,1,59,0.0169,3,0.50
28378,Fremont,15,1,26,0.0385,3,0.58
28380,Fremont,15,1,40,0.025,3,0.58
28382,Fremont,15,1,26,0.0385,3,0.58
28457,Fremont,15,1,26,0.0385,3,0.67
28459,Fremont,15,1,27,0.037,3,0.67
28461,Fremont,15,1,27,0.037,3,0.67
28462,Fremont,15,1,26,0.0385,3,0.67
28535,Fremont,15,1,26,0.0385,3,0.75
28537,Fremont,15,1,40,0.025,3,0.75
28540,Fremont,15,1,59,0.0169,3,0.75
28618,Fremont,15,1,26,0.0385,3,0.83
28620,Fremont,15,1,40,0.025,3,0.83
28623,Fremont,15,1,26,0.0385,3,0.83
28692,Fremont,15,1,26,0.0385,3,0.92
28694,Fremont,15,1,40,0.025,3,0.92
28697,Fremont,15,1,59,0.0169,3,0.92
28766,Fremont,15,1,26,0.0385,3,1.00
28768,Fremont,15,1,40,0.025,3,1.00
28771,Fremont,15,1,59,0.0169,3,1.00
28845,Fremont,15,1,26,0.0385,3,1.08
28847,Fremont,15,1,40,0.025,3,1.08
28850,Fremont,15,1,59,0.0169,3,1.08
42838,Fremont,15,1,59,0.0169,4,0.00
42870,Fremont,15,1,40,0.025,4,0.08
42873,Fremont,15,1,59,0.0169,4,0.08
42908,Fremont,15,1,40,0.025,4,0.17
42910,Fremont,15,1,27,0.037,4,0.17
42911,Fremont,15,1,59,0.0169,4,0.17
42944,Fremont,15,1,40,0.025,4,0.25
42947,Fremont,15,1,59,0.0169,4,0.25
42981,Fremont,15,1,40,0.025,4,0.33
42983,Fremont,15,1,27,0.037,4,0.33
42984,Fremont,15,1,59,0.0169,4,0.33
43017,Fremont,15,1,40,0.025,4,0.42
43019,Fremont,15,1,27,0.037,4,0.42
43020,Fremont,15,1,59,0.0169,4,0.42
43054,Fremont,15,1,40,0.025,4,0.50
43056,Fremont,15,1,27,0.037,4,0.50
43057,Fremont,15,1,59,0.0169,4,0.50
43089,Fremont,15,1,40,0.025,4,0.58
43092,Fremont,15,1,59,0.0169,4,0.58
43125,Fremont,15,1,40,0.025,4,0.67
43128,Fremont,15,1,59,0.0169,4,0.67
43160,Fremont,15,1,40,0.025,4,0.75
43163,Fremont,15,1,59,0.0169,4,0.75
43196,Fremont,15,1,40,0.025,4,0.83
43199,Fremont,15,1,59,0.0169,4,0.83
43231,Fremont,15,1,40,0.025,4,0.92
43234,Fremont,15,1,59,0.0169,4,0.92
43266,Fremont,15,1,40,0.025,4,1.00
43269,Fremont,15,1,59,0.0169,4,1.00
43302,Fremont,15,1,40,0.025,4,1.08
43305,Fremont,15,1,59,0.0169,4,1.08
43326,Fremont,15,1,40,0.025,4,1.17
43328,Fremont,15,1,27,0.037,4,1.17
43329,Fremont,15,1,59,0.0169,4,1.17
53277,Fremont,15,1,54,0.0185,5,0.00
53291,Fremont,15,1,54,0.0185,5,0.08
53303,Fremont,15,1,28,0.0357,5,0.17
53306,Fremont,15,1,26,0.0385,5,0.17
53321,Fremont,15,1,26,0.0385,5,0.25
53333,Fremont,15,1,28,0.0357,5,0.33
53336,Fremont,15,1,26,0.0385,5,0.33
53348,Fremont,15,1,28,0.0357,5,0.42
53351,Fremont,15,1,26,0.0385,5,0.42
53363,Fremont,15,1,28,0.0357,5,0.50
53366,Fremont,15,1,26,0.0385,5,0.50
53378,Fremont,15,1,28,0.0357,5,0.58
53381,Fremont,15,1,26,0.0385,5,0.58
53393,Fremont,15,1,28,0.0357,5,0.67
53396,Fremont,15,1,54,0.0185,5,0.67
53408,Fremont,15,1,28,0.0357,5,0.75
53411,Fremont,15,1,54,0.0185,5,0.75
53423,Fremont,15,1,28,0.0357,5,0.83
53426,Fremont,15,1,26,0.0385,5,0.83
53437,Fremont,15,1,28,0.0357,5,0.92
53439,Fremont,15,1,54,0.0185,5,0.92
53451,Fremont,15,1,28,0.0357,5,1.00
53454,Fremont,15,1,26,0.0385,5,1.00
53466,Fremont,15,1,28,0.0357,5,1.08
53469,Fremont,15,1,54,0.0185,5,1.08
53483,Fremont,15,1,54,0.0185,5,1.17
43716,Lake City,17,1,32,0.0313,4,0.00
43719,Lake City,18,1,24,0.0417,4,0.00
43720,Lake City,18,1,56,0.0179,4,0.00
43734,Lake City,18,1,32,0.0313,4,0.08
43737,Lake City,18,1,24,0.0417,4,0.08
43738,Lake City,18,1,56,0.0179,4,0.08
43741,Lake City,18,1,21,0.0476,4,0.08
43750,Lake City,18,1,32,0.0313,4,0.17
43753,Lake City,18,1,24,0.0417,4,0.17
43754,Lake City,18,1,56,0.0179,4,0.17
43757,Lake City,18,1,21,0.0476,4,0.17
43766,Lake City,18,1,32,0.0313,4,0.25
43771,Lake City,18,1,24,0.0417,4,0.25
43772,Lake City,18,1,56,0.0179,4,0.25
43784,Lake City,18,1,32,0.0313,4,0.33
43788,Lake City,18,1,24,0.0417,4,0.33
43789,Lake City,18,1,56,0.0179,4,0.33
43792,Lake City,18,1,24,0.0417,4,0.33
43801,Lake City,18,1,32,0.0313,4,0.42
43806,Lake City,18,1,24,0.0417,4,0.42
43807,Lake City,18,1,56,0.0179,4,0.42
43819,Lake City,18,1,32,0.0313,4,0.50
43824,Lake City,18,1,24,0.0417,4,0.50
43825,Lake City,18,1,56,0.0179,4,0.50
43838,Lake City,18,1,32,0.0313,4,0.58
43842,Lake City,18,1,24,0.0417,4,0.58
43843,Lake City,18,1,56,0.0179,4,0.58
43855,Lake City,18,1,32,0.0313,4,0.67
43858,Lake City,18,1,24,0.0417,4,0.67
43859,Lake City,18,1,56,0.0179,4,0.67
43866,Lake City,18,1,32,0.0313,4,0.75
43869,Lake City,18,1,24,0.0417,4,0.75
43870,Lake City,18,1,56,0.0179,4,0.75
43873,Lake City,18,1,24,0.0417,4,0.75
43874,Lake City,18,1,21,0.0476,4,0.75
43880,Lake City,18,1,24,0.0417,4,0.83
43881,Lake City,18,1,56,0.0179,4,0.83
43885,Lake City,18,1,21,0.0476,4,0.83
43895,Lake City,18,1,24,0.0417,4,0.92
43896,Lake City,18,1,56,0.0179,4,0.92
43912,Lake City,18,1,24,0.0417,4,1.00
43913,Lake City,18,1,56,0.0179,4,1.00
43918,Lake City,18,1,21,0.0476,4,1.00
2364,Little Saigon,19,1,25,0.04,5,0.00
2365,Little Saigon,19,1,25,0.04,5,0.00
2367,Little Saigon,19,1,38,0.0263,5,0.00
2460,Little Saigon,19,1,36,0.0278,5,0.08
2462,Little Saigon,19,1,35,0.0286,5,0.08
2463,Little Saigon,19,1,38,0.0263,5,0.08
2560,Little Saigon,19,1,36,0.0278,5,0.17
2562,Little Saigon,19,1,35,0.0286,5,0.17
2563,Little Saigon,19,1,38,0.0263,5,0.17
2654,Little Saigon,19,1,36,0.0278,5,0.25
2655,Little Saigon,19,1,24,0.0417,5,0.25
2657,Little Saigon,19,1,21,0.0476,5,0.25
2658,Little Saigon,19,1,32,0.0313,5,0.25
2753,Little Saigon,19,1,36,0.0278,5,0.33
2754,Little Saigon,19,1,24,0.0417,5,0.33
2756,Little Saigon,19,1,35,0.0286,5,0.33
2757,Little Saigon,19,1,32,0.0313,5,0.33
2852,Little Saigon,19,1,36,0.0278,5,0.42
2853,Little Saigon,19,1,24,0.0417,5,0.42
2855,Little Saigon,19,1,35,0.0286,5,0.42
2856,Little Saigon,19,1,32,0.0313,5,0.42
2947,Little Saigon,19,1,36,0.0278,5,0.50
2948,Little Saigon,19,1,24,0.0417,5,0.50
2950,Little Saigon,19,1,35,0.0286,5,0.50
2951,Little Saigon,19,1,38,0.0263,5,0.50
3043,Little Saigon,19,1,25,0.04,5,0.58
3044,Little Saigon,19,1,24,0.0417,5,0.58
3046,Little Saigon,19,1,35,0.0286,5,0.58
3047,Little Saigon,19,1,32,0.0313,5,0.58
3138,Little Saigon,19,1,36,0.0278,5,0.67
3139,Little Saigon,19,1,24,0.0417,5,0.67
3141,Little Saigon,19,1,32,0.0313,5,0.67
3228,Little Saigon,19,1,25,0.04,5,0.75
3229,Little Saigon,19,1,24,0.0417,5,0.75
3231,Little Saigon,19,1,21,0.0476,5,0.75
3232,Little Saigon,19,1,32,0.0313,5,0.75
3326,Little Saigon,19,1,25,0.04,5,0.83
3327,Little Saigon,19,1,24,0.0417,5,0.83
3329,Little Saigon,19,1,35,0.0286,5,0.83
3330,Little Saigon,19,1,32,0.0313,5,0.83
3420,Little Saigon,19,1,25,0.04,5,0.92
3421,Little Saigon,19,1,25,0.04,5,0.92
3423,Little Saigon,19,1,35,0.0286,5,0.92
3424,Little Saigon,19,1,38,0.0263,5,0.92
3515,Little Saigon,19,1,36,0.0278,5,1.00
3516,Little Saigon,19,1,25,0.04,5,1.00
3518,Little Saigon,19,1,35,0.0286,5,1.00
3519,Little Saigon,19,1,38,0.0263,5,1.00
7788,Little Saigon,19,1,25,0.04,4,0.00
7789,Little Saigon,19,1,25,0.04,4,0.00
7791,Little Saigon,19,1,35,0.0286,4,0.00
7792,Little Saigon,19,1,38,0.0263,4,0.00
7877,Little Saigon,19,1,25,0.04,4,0.08
7878,Little Saigon,19,1,24,0.0417,4,0.08
7880,Little Saigon,19,1,35,0.0286,4,0.08
7961,Little Saigon,19,1,25,0.04,4,0.17
7962,Little Saigon,19,1,24,0.0417,4,0.17
7964,Little Saigon,19,1,35,0.0286,4,0.17
7965,Little Saigon,19,1,38,0.0263,4,0.17
8047,Little Saigon,19,1,25,0.04,4,0.25
8048,Little Saigon,19,1,24,0.0417,4,0.25
8050,Little Saigon,19,1,35,0.0286,4,0.25
8051,Little Saigon,19,1,38,0.0263,4,0.25
8133,Little Saigon,19,1,36,0.0278,4,0.33
8134,Little Saigon,19,1,24,0.0417,4,0.33
8136,Little Saigon,19,1,35,0.0286,4,0.33
8137,Little Saigon,19,1,38,0.0263,4,0.33
8220,Little Saigon,19,1,25,0.04,4,0.42
8221,Little Saigon,19,1,24,0.0417,4,0.42
8223,Little Saigon,19,1,35,0.0286,4,0.42
8304,Little Saigon,19,1,25,0.04,4,0.50
8305,Little Saigon,19,1,24,0.0417,4,0.50
8307,Little Saigon,19,1,35,0.0286,4,0.50
8308,Little Saigon,19,1,38,0.0263,4,0.50
8386,Little Saigon,19,1,25,0.04,4,0.58
8387,Little Saigon,19,1,24,0.0417,4,0.58
8389,Little Saigon,19,1,35,0.0286,4,0.58
8468,Little Saigon,19,1,25,0.04,4,0.67
8469,Little Saigon,19,1,24,0.0417,4,0.67
8471,Little Saigon,19,1,21,0.0476,4,0.67
8553,Little Saigon,19,1,36,0.0278,4,0.75
8554,Little Saigon,19,1,24,0.0417,4,0.75
8556,Little Saigon,19,1,21,0.0476,4,0.75
8636,Little Saigon,19,1,36,0.0278,4,0.83
8637,Little Saigon,19,1,24,0.0417,4,0.83
8639,Little Saigon,19,1,35,0.0286,4,0.83
8640,Little Saigon,19,1,38,0.0263,4,0.83
8721,Little Saigon,19,1,25,0.04,4,0.92
8722,Little Saigon,19,1,24,0.0417,4,0.92
8724,Little Saigon,19,1,35,0.0286,4,0.92
8725,Little Saigon,19,1,38,0.0263,4,0.92
8809,Little Saigon,19,1,24,0.0417,4,1.00
8811,Little Saigon,19,1,35,0.0286,4,1.00
8812,Little Saigon,19,1,38,0.0263,4,1.00
5003,Pike-Pine,19,1,29,0.0345,5,-0.67
5040,Pike-Pine,20,1,29,0.0345,5,-0.58
5080,Pike-Pine,20,1,27,0.037,5,-0.50
5162,Pike-Pine,20,1,27,0.037,5,0.08
5163,Pike-Pine,20,1,29,0.0345,5,0.08
5206,Pike-Pine,20,1,27,0.037,5,0.17
5207,Pike-Pine,20,1,29,0.0345,5,0.17
5248,Pike-Pine,20,1,29,0.0345,5,0.25
5291,Pike-Pine,20,1,27,0.037,5,0.33
5292,Pike-Pine,20,1,29,0.0345,5,0.33
5334,Pike-Pine,20,1,27,0.037,5,0.42
5335,Pike-Pine,20,1,29,0.0345,5,0.42
5379,Pike-Pine,20,1,27,0.037,5,0.50
5380,Pike-Pine,20,1,29,0.0345,5,0.50
5424,Pike-Pine,20,1,27,0.037,5,0.58
5425,Pike-Pine,20,1,29,0.0345,5,0.58
5468,Pike-Pine,20,1,27,0.037,5,0.67
5469,Pike-Pine,20,1,29,0.0345,5,0.67
5512,Pike-Pine,20,1,27,0.037,5,0.75
5513,Pike-Pine,20,1,29,0.0345,5,0.75
5556,Pike-Pine,20,1,29,0.0345,5,0.83
5592,Pike-Pine,20,1,27,0.037,5,0.92
5594,Pike-Pine,20,1,29,0.0345,5,0.92
5630,Pike-Pine,20,1,29,0.0345,5,1.00
5664,Pike-Pine,20,1,29,0.0345,5,1.08
5700,Pike-Pine,20,1,29,0.0345,5,1.17
5738,Pike-Pine,20,1,29,0.0345,5,1.25
19579,Pike-Pine,20,1,27,0.037,5,-0.67
19583,Pike-Pine,20,1,29,0.0345,5,-0.67
19632,Pike-Pine,20,1,27,0.037,5,0.00
19685,Pike-Pine,20,1,27,0.037,5,0.08
19746,Pike-Pine,20,1,29,0.0345,5,0.17
19798,Pike-Pine,20,1,27,0.037,5,0.25
19802,Pike-Pine,20,1,29,0.0345,5,0.25
19856,Pike-Pine,20,1,27,0.037,5,0.33
19859,Pike-Pine,20,1,29,0.0345,5,0.33
19909,Pike-Pine,20,1,27,0.037,5,0.42
19913,Pike-Pine,20,1,29,0.0345,5,0.42
19964,Pike-Pine,20,1,27,0.037,5,0.50
19968,Pike-Pine,20,1,29,0.0345,5,0.50
20020,Pike-Pine,20,1,27,0.037,5,0.58
20024,Pike-Pine,20,1,29,0.0345,5,0.58
20076,Pike-Pine,20,1,27,0.037,5,0.67
20080,Pike-Pine,20,1,29,0.0345,5,0.67
20132,Pike-Pine,20,1,27,0.037,5,0.75
20135,Pike-Pine,20,1,29,0.0345,5,0.75
20182,Pike-Pine,20,1,29,0.0345,5,0.83
20224,Pike-Pine,20,1,29,0.0345,5,0.92
20268,Pike-Pine,20,1,27,0.037,5,1.00
20270,Pike-Pine,20,1,29,0.0345,5,1.00
20314,Pike-Pine,20,1,29,0.0345,5,1.08
20360,Pike-Pine,20,1,29,0.0345,5,1.17
20410,Pike-Pine,20,1,29,0.0345,5,1.25
27040,Pike-Pine,20,1,27,0.037,3,0.08
27093,Pike-Pine,20,1,27,0.037,3,0.17
27145,Pike-Pine,20,1,27,0.037,3,0.25
27303,Pike-Pine,20,1,27,0.037,3,0.50
27355,Pike-Pine,20,1,27,0.037,3,0.58
27359,Pike-Pine,20,1,29,0.0345,3,0.58
27407,Pike-Pine,20,1,27,0.037,3,0.67
27459,Pike-Pine,20,1,27,0.037,3,0.75
27462,Pike-Pine,20,1,29,0.0345,3,0.75
27508,Pike-Pine,20,1,27,0.037,3,0.83
27512,Pike-Pine,20,1,29,0.0345,3,0.83
27563,Pike-Pine,20,1,29,0.0345,3,0.92
27659,Pike-Pine,20,1,29,0.0345,3,1.08
27758,Pike-Pine,20,1,29,0.0345,3,1.25
41252,Pike-Pine,20,1,27,0.037,5,0.42
41310,Pike-Pine,20,1,27,0.037,5,0.50
41368,Pike-Pine,20,1,27,0.037,5,0.58
41427,Pike-Pine,20,1,27,0.037,5,0.67
41486,Pike-Pine,20,1,27,0.037,5,0.75
41547,Pike-Pine,20,1,27,0.037,5,0.83
47990,Pike-Pine,20,1,27,0.037,1,0.00
48051,Pike-Pine,20,1,27,0.037,1,0.08
48110,Pike-Pine,20,1,27,0.037,1,0.17
48170,Pike-Pine,20,1,27,0.037,1,0.25
48229,Pike-Pine,20,1,27,0.037,1,0.33
59587,Pike-Pine,20,1,27,0.037,6,0.17
59704,Pike-Pine,20,1,27,0.037,6,0.33
59765,Pike-Pine,20,1,27,0.037,6,0.42
60047,Pike-Pine,20,1,27,0.037,6,0.83
3880,Pioneer Square,21,1,25,0.04,3,0.25
3931,Pioneer Square,21,1,25,0.04,3,0.33
3982,Pioneer Square,21,1,25,0.04,3,0.42
4030,Pioneer Square,21,1,25,0.04,3,0.50
4081,Pioneer Square,21,1,25,0.04,3,0.58
4170,Pioneer Square,21,1,25,0.04,3,0.75
5971,Pioneer Square,21,1,25,0.04,7,0.17
6076,Pioneer Square,21,1,25,0.04,7,0.25
6549,Pioneer Square,21,1,25,0.04,7,0.67
6732,Pioneer Square,21,1,25,0.04,7,0.83
6819,Pioneer Square,21,1,25,0.04,7,0.92
6902,Pioneer Square,21,1,25,0.04,7,1.00
10794,Pioneer Square,21,1,25,0.04,1,0.17
10849,Pioneer Square,21,1,25,0.04,1,0.25
10903,Pioneer Square,21,1,25,0.04,1,0.33
10955,Pioneer Square,21,1,25,0.04,1,0.42
11007,Pioneer Square,21,1,25,0.04,1,0.50
11150,Pioneer Square,21,1,25,0.04,1,0.75
22334,Pioneer Square,21,1,25,0.04,4,0.00
22377,Pioneer Square,21,1,25,0.04,4,0.08
22475,Pioneer Square,21,1,25,0.04,4,0.25
22522,Pioneer Square,21,1,25,0.04,4,0.33
22562,Pioneer Square,21,1,25,0.04,4,0.42
22607,Pioneer Square,21,1,25,0.04,4,0.50
22651,Pioneer Square,21,1,25,0.04,4,0.58
22691,Pioneer Square,21,1,25,0.04,4,0.67
22811,Pioneer Square,21,1,25,0.04,4,0.92
22904,Pioneer Square,21,1,25,0.04,4,1.08
32351,Pioneer Square,21,1,27,0.037,4,0.00
32411,Pioneer Square,21,1,27,0.037,4,0.08
32472,Pioneer Square,21,1,27,0.037,4,0.17
32530,Pioneer Square,21,1,27,0.037,4,0.25
32588,Pioneer Square,21,1,27,0.037,4,0.33
32645,Pioneer Square,21,1,27,0.037,4,0.42
32697,Pioneer Square,21,1,27,0.037,4,0.50
32753,Pioneer Square,21,1,27,0.037,4,0.58
32932,Pioneer Square,21,1,27,0.037,4,0.83
32990,Pioneer Square,21,1,27,0.037,4,0.92
36866,Pioneer Square,21,1,27,0.037,3,0.00
36926,Pioneer Square,21,1,27,0.037,3,0.08
36985,Pioneer Square,21,1,27,0.037,3,0.17
37044,Pioneer Square,21,1,27,0.037,3,0.25
37101,Pioneer Square,21,1,27,0.037,3,0.33
37158,Pioneer Square,21,1,27,0.037,3,0.42
37216,Pioneer Square,21,1,27,0.037,3,0.50
37272,Pioneer Square,21,1,27,0.037,3,0.58
37330,Pioneer Square,21,1,27,0.037,3,0.67
37389,Pioneer Square,21,1,27,0.037,3,0.75
37448,Pioneer Square,21,1,27,0.037,3,0.83
37505,Pioneer Square,21,1,27,0.037,3,0.92
37563,Pioneer Square,21,1,27,0.037,3,1.00
55348,Pioneer Square,21,1,22,0.0455,3,0.50
58683,Roosevelt,22,13,60,0.2167,1,0.75
58771,Roosevelt,22,4,40,0.1,1,0.83
58774,Roosevelt,22,2,27,0.0741,1,0.83
43928,SODO,23,2,45,0.0444,5,0.00
43929,SODO,23,1,25,0.04,5,0.00
43930,SODO,23,1,25,0.04,5,0.00
43932,SODO,23,1,36,0.0278,5,0.00
43934,SODO,23,1,21,0.0476,5,0.00
43935,SODO,23,1,25,0.04,5,0.00
43938,SODO,23,1,34,0.0294,5,0.00
43939,SODO,23,1,31,0.0323,5,0.00
43940,SODO,23,1,42,0.0238,5,0.00
43955,SODO,23,1,23,0.0435,5,0.00
43956,SODO,23,1,45,0.0222,5,0.00
43957,SODO,23,1,52,0.0192,5,0.00
43961,SODO,23,1,25,0.04,5,0.08
43962,SODO,23,1,22,0.0455,5,0.08
43963,SODO,23,1,25,0.04,5,0.08
43966,SODO,23,1,36,0.0278,5,0.08
43968,SODO,23,1,21,0.0476,5,0.08
43971,SODO,23,1,34,0.0294,5,0.08
43972,SODO,23,1,31,0.0323,5,0.08
43973,SODO,23,1,42,0.0238,5,0.08
43988,SODO,23,1,23,0.0435,5,0.08
43989,SODO,23,1,45,0.0222,5,0.08
43990,SODO,23,1,52,0.0192,5,0.08
43992,SODO,23,1,25,0.04,5,0.17
43995,SODO,23,1,25,0.04,5,0.17
43996,SODO,23,2,45,0.0444,5,0.17
43997,SODO,23,1,22,0.0455,5,0.17
43998,SODO,23,1,25,0.04,5,0.17
44000,SODO,23,1,36,0.0278,5,0.17
44002,SODO,23,1,21,0.0476,5,0.17
44005,SODO,23,1,34,0.0294,5,0.17
44006,SODO,23,1,31,0.0323,5,0.17
44007,SODO,23,1,42,0.0238,5,0.17
44021,SODO,23,1,23,0.0435,5,0.17
44022,SODO,23,1,45,0.0222,5,0.17
44023,SODO,23,1,52,0.0192,5,0.17
44025,SODO,23,1,25,0.04,5,0.25
44028,SODO,23,1,25,0.04,5,0.25
44029,SODO,23,2,45,0.0444,5,0.25
44030,SODO,23,1,22,0.0455,5,0.25
44033,SODO,23,1,36,0.0278,5,0.25
44035,SODO,23,1,21,0.0476,5,0.25
44038,SODO,23,1,34,0.0294,5,0.25
44039,SODO,23,1,31,0.0323,5,0.25
44055,SODO,23,1,23,0.0435,5,0.25
44056,SODO,23,1,70,0.0143,5,0.25
44057,SODO,23,1,52,0.0192,5,0.25
44059,SODO,23,1,25,0.04,5,0.33
44062,SODO,23,1,25,0.04,5,0.33
44063,SODO,23,2,45,0.0444,5,0.33
44064,SODO,23,1,22,0.0455,5,0.33
44067,SODO,23,1,36,0.0278,5,0.33
44069,SODO,23,1,21,0.0476,5,0.33
44072,SODO,23,1,34,0.0294,5,0.33
44073,SODO,23,1,31,0.0323,5,0.33
44074,SODO,23,1,42,0.0238,5,0.33
44089,SODO,23,1,23,0.0435,5,0.33
44090,SODO,23,1,70,0.0143,5,0.33
44091,SODO,23,1,52,0.0192,5,0.33
44093,SODO,23,1,25,0.04,5,0.42
44096,SODO,23,1,25,0.04,5,0.42
44097,SODO,23,1,22,0.0455,5,0.42
44100,SODO,23,1,36,0.0278,5,0.42
44102,SODO,23,1,21,0.0476,5,0.42
44105,SODO,23,1,31,0.0323,5,0.42
44106,SODO,23,1,42,0.0238,5,0.42
44120,SODO,23,1,70,0.0143,5,0.42
44121,SODO,23,1,52,0.0192,5,0.42
44123,SODO,23,1,25,0.04,5,0.50
44125,SODO,23,1,25,0.04,5,0.50
44126,SODO,23,2,45,0.0444,5,0.50
44127,SODO,23,1,22,0.0455,5,0.50
44130,SODO,23,1,36,0.0278,5,0.50
44132,SODO,23,1,21,0.0476,5,0.50
44135,SODO,23,1,31,0.0323,5,0.50
44136,SODO,23,1,42,0.0238,5,0.50
44151,SODO,23,1,23,0.0435,5,0.50
44152,SODO,23,1,70,0.0143,5,0.50
44153,SODO,23,1,52,0.0192,5,0.50
44156,SODO,23,1,25,0.04,5,0.58
44157,SODO,23,1,22,0.0455,5,0.58
44158,SODO,23,1,22,0.0455,5,0.58
44159,SODO,23,1,25,0.04,5,0.58
44161,SODO,23,1,36,0.0278,5,0.58
44163,SODO,23,1,21,0.0476,5,0.58
44165,SODO,23,1,44,0.0227,5,0.58
44166,SODO,23,1,34,0.0294,5,0.58
44167,SODO,23,1,31,0.0323,5,0.58
44168,SODO,23,1,42,0.0238,5,0.58
44183,SODO,23,1,23,0.0435,5,0.58
44184,SODO,23,1,45,0.0222,5,0.58
44185,SODO,23,1,52,0.0192,5,0.58
44189,SODO,23,1,25,0.04,5,0.67
44191,SODO,23,1,36,0.0278,5,0.67
44192,SODO,23,1,21,0.0476,5,0.67
44193,SODO,23,1,25,0.04,5,0.67
44195,SODO,23,1,44,0.0227,5,0.67
44196,SODO,23,1,34,0.0294,5,0.67
44197,SODO,23,1,31,0.0323,5,0.67
44198,SODO,23,1,42,0.0238,5,0.67
44212,SODO,23,1,45,0.0222,5,0.67
44213,SODO,23,1,34,0.0294,5,0.67
44217,SODO,23,1,22,0.0455,5,0.75
44218,SODO,23,1,25,0.04,5,0.75
44220,SODO,23,1,36,0.0278,5,0.75
44221,SODO,23,1,21,0.0476,5,0.75
44222,SODO,23,1,25,0.04,5,0.75
44224,SODO,23,1,44,0.0227,5,0.75
44225,SODO,23,1,34,0.0294,5,0.75
44226,SODO,23,1,31,0.0323,5,0.75
44243,SODO,23,1,45,0.0222,5,0.75
44244,SODO,23,1,52,0.0192,5,0.75
44248,SODO,23,2,45,0.0444,5,0.83
44249,SODO,23,1,25,0.04,5,0.83
44251,SODO,23,1,36,0.0278,5,0.83
44253,SODO,23,1,25,0.04,5,0.83
44255,SODO,23,1,34,0.0294,5,0.83
44270,SODO,23,1,23,0.0435,5,0.83
44272,SODO,23,1,45,0.0222,5,0.83
44273,SODO,23,1,52,0.0192,5,0.83
44277,SODO,23,2,45,0.0444,5,0.92
44278,SODO,23,1,25,0.04,5,0.92
44279,SODO,23,1,25,0.04,5,0.92
44281,SODO,23,1,36,0.0278,5,0.92
44283,SODO,23,1,25,0.04,5,0.92
44285,SODO,23,1,31,0.0323,5,0.92
44286,SODO,23,1,42,0.0238,5,0.92
44301,SODO,23,1,45,0.0222,5,0.92
44305,SODO,23,2,45,0.0444,5,1.00
44306,SODO,23,1,22,0.0455,5,1.00
44307,SODO,23,1,25,0.04,5,1.00
44310,SODO,23,1,21,0.0476,5,1.00
44311,SODO,23,1,25,0.04,5,1.00
44329,SODO,23,1,45,0.0222,5,1.00
7096,South Lake Union,24,1,36,0.0278,3,0.17
7219,South Lake Union,24,1,24,0.0417,3,0.33
7241,South Lake Union,24,1,29,0.0345,3,0.33
7266,South Lake Union,24,1,36,0.0278,3,0.42
7276,South Lake Union,24,1,24,0.0417,3,0.42
7337,South Lake Union,24,1,24,0.0417,3,0.50
7359,South Lake Union,24,1,29,0.0345,3,0.50
7388,South Lake Union,24,1,36,0.0278,3,0.58
7397,South Lake Union,24,1,24,0.0417,3,0.58
7419,South Lake Union,24,1,29,0.0345,3,0.58
7446,South Lake Union,24,1,36,0.0278,3,0.67
7456,South Lake Union,24,1,24,0.0417,3,0.67
7478,South Lake Union,24,1,29,0.0345,3,0.67
7506,South Lake Union,24,1,36,0.0278,3,0.75
7516,South Lake Union,24,1,24,0.0417,3,0.75
7534,South Lake Union,24,1,31,0.0323,3,0.75
7535,South Lake Union,24,1,29,0.0345,3,0.75
7565,South Lake Union,24,1,36,0.0278,3,0.83
7593,South Lake Union,24,1,31,0.0323,3,0.83
7594,South Lake Union,24,1,29,0.0345,3,0.83
7623,South Lake Union,24,1,36,0.0278,3,0.92
7634,South Lake Union,24,1,24,0.0417,3,0.92
7652,South Lake Union,24,1,31,0.0323,3,0.92
7653,South Lake Union,24,1,29,0.0345,3,0.92
7692,South Lake Union,24,1,24,0.0417,3,1.00
7710,South Lake Union,24,1,31,0.0323,3,1.00
7711,South Lake Union,24,1,29,0.0345,3,1.00
16134,South Lake Union,24,1,36,0.0278,3,0.00
16173,South Lake Union,24,1,31,0.0323,3,0.00
16205,South Lake Union,24,1,36,0.0278,3,0.08
16248,South Lake Union,24,1,31,0.0323,3,0.08
16284,South Lake Union,24,1,36,0.0278,3,0.17
16328,South Lake Union,24,1,31,0.0323,3,0.17
16365,South Lake Union,24,1,36,0.0278,3,0.25
16405,South Lake Union,24,1,31,0.0323,3,0.25
16442,South Lake Union,24,1,36,0.0278,3,0.33
16481,South Lake Union,24,1,31,0.0323,3,0.33
16519,South Lake Union,24,1,36,0.0278,3,0.42
16558,South Lake Union,24,1,31,0.0323,3,0.42
16592,South Lake Union,24,1,36,0.0278,3,0.50
16635,South Lake Union,24,1,31,0.0323,3,0.50
16673,South Lake Union,24,1,36,0.0278,3,0.58
16682,South Lake Union,24,1,24,0.0417,3,0.58
16715,South Lake Union,24,1,31,0.0323,3,0.58
16719,South Lake Union,24,1,29,0.0345,3,0.58
16754,South Lake Union,24,1,36,0.0278,3,0.67
16763,South Lake Union,24,1,24,0.0417,3,0.67
16796,South Lake Union,24,1,29,0.0345,3,0.67
16837,South Lake Union,24,1,24,0.0417,3,0.75
16871,South Lake Union,24,1,29,0.0345,3,0.75
16913,South Lake Union,24,1,24,0.0417,3,0.83
16944,South Lake Union,24,1,31,0.0323,3,0.83
16949,South Lake Union,24,1,29,0.0345,3,0.83
16989,South Lake Union,24,1,24,0.0417,3,0.92
17021,South Lake Union,24,1,31,0.0323,3,0.92
17025,South Lake Union,24,1,29,0.0345,3,0.92
17067,South Lake Union,24,1,24,0.0417,3,1.00
17098,South Lake Union,24,1,31,0.0323,3,1.00
17101,South Lake Union,24,1,29,0.0345,3,1.00
30806,South Lake Union,24,1,28,0.0357,5,0.00
30829,South Lake Union,24,1,25,0.04,5,0.00
30838,South Lake Union,24,1,27,0.037,5,0.00
30839,South Lake Union,24,1,23,0.0435,5,0.00
30915,South Lake Union,24,1,28,0.0357,5,0.08
30937,South Lake Union,24,1,25,0.04,5,0.08
30945,South Lake Union,24,1,27,0.037,5,0.08
30946,South Lake Union,24,1,23,0.0435,5,0.08
31018,South Lake Union,24,1,28,0.0357,5,0.17
31042,South Lake Union,24,1,25,0.04,5,0.17
31118,South Lake Union,24,1,28,0.0357,5,0.25
31142,South Lake Union,24,1,25,0.04,5,0.25
31216,South Lake Union,24,1,28,0.0357,5,0.33
31239,South Lake Union,24,1,25,0.04,5,0.33
31247,South Lake Union,24,1,28,0.0357,5,0.33
31248,South Lake Union,24,1,27,0.037,5,0.33
31319,South Lake Union,24,1,28,0.0357,5,0.42
31343,South Lake Union,24,1,25,0.04,5,0.42
31351,South Lake Union,24,1,28,0.0357,5,0.42
31352,South Lake Union,24,1,27,0.037,5,0.42
31353,South Lake Union,24,1,23,0.0435,5,0.42
31426,South Lake Union,24,1,28,0.0357,5,0.50
31449,South Lake Union,24,1,25,0.04,5,0.50
31458,South Lake Union,24,1,28,0.0357,5,0.50
31459,South Lake Union,24,1,27,0.037,5,0.50
31460,South Lake Union,24,1,23,0.0435,5,0.50
31534,South Lake Union,24,1,28,0.0357,5,0.58
31559,South Lake Union,24,1,25,0.04,5,0.58
31568,South Lake Union,24,1,28,0.0357,5,0.58
31569,South Lake Union,24,1,27,0.037,5,0.58
31570,South Lake Union,24,1,23,0.0435,5,0.58
31647,South Lake Union,24,1,28,0.0357,5,0.67
31671,South Lake Union,24,1,25,0.04,5,0.67
31681,South Lake Union,24,1,28,0.0357,5,0.67
31682,South Lake Union,24,1,27,0.037,5,0.67
31683,South Lake Union,24,1,23,0.0435,5,0.67
31782,South Lake Union,24,1,25,0.04,5,0.75
31792,South Lake Union,24,1,28,0.0357,5,0.75
31793,South Lake Union,24,1,27,0.037,5,0.75
31794,South Lake Union,24,1,23,0.0435,5,0.75
31867,South Lake Union,24,1,28,0.0357,5,0.83
31890,South Lake Union,24,1,21,0.0476,5,0.83
31893,South Lake Union,24,1,25,0.04,5,0.83
31904,South Lake Union,24,1,28,0.0357,5,0.83
31905,South Lake Union,24,1,27,0.037,5,0.83
31906,South Lake Union,24,1,23,0.0435,5,0.83
31978,South Lake Union,24,1,28,0.0357,5,0.92
32002,South Lake Union,24,1,21,0.0476,5,0.92
32005,South Lake Union,24,1,25,0.04,5,0.92
32016,South Lake Union,24,1,28,0.0357,5,0.92
32017,South Lake Union,24,1,27,0.037,5,0.92
32018,South Lake Union,24,1,23,0.0435,5,0.92
32089,South Lake Union,24,1,28,0.0357,5,1.00
32112,South Lake Union,24,1,21,0.0476,5,1.00
32115,South Lake Union,24,1,25,0.04,5,1.00
32126,South Lake Union,24,1,28,0.0357,5,1.00
32127,South Lake Union,24,1,27,0.037,5,1.00
32128,South Lake Union,24,1,23,0.0435,5,1.00
38706,South Lake Union,24,1,25,0.04,5,0.00
38728,South Lake Union,24,11,23,0.4783,5,0.00
38729,South Lake Union,24,1,21,0.0476,5,0.00
38750,South Lake Union,24,1,31,0.0323,5,0.00
38758,South Lake Union,24,14,22,0.6364,5,0.00
38841,South Lake Union,24,1,31,0.0323,5,0.08
38850,South Lake Union,24,14,22,0.6364,5,0.08
38916,South Lake Union,24,1,21,0.0476,5,0.17
38935,South Lake Union,24,1,31,0.0323,5,0.17
38943,South Lake Union,24,14,22,0.6364,5,0.17
38978,South Lake Union,24,1,25,0.04,5,0.25
39009,South Lake Union,24,1,21,0.0476,5,0.25
39026,South Lake Union,24,1,31,0.0323,5,0.25
39035,South Lake Union,24,14,22,0.6364,5,0.25
39119,South Lake Union,24,1,31,0.0323,5,0.33
39128,South Lake Union,24,14,22,0.6364,5,0.33
39162,South Lake Union,24,1,25,0.04,5,0.42
39213,South Lake Union,24,1,31,0.0323,5,0.42
39223,South Lake Union,24,14,22,0.6364,5,0.42
39264,South Lake Union,24,1,25,0.04,5,0.50
39291,South Lake Union,24,1,21,0.0476,5,0.50
39311,South Lake Union,24,1,31,0.0323,5,0.50
39355,South Lake Union,24,1,25,0.04,5,0.58
39362,South Lake Union,24,1,25,0.04,5,0.58
39390,South Lake Union,24,1,21,0.0476,5,0.58
39412,South Lake Union,24,1,31,0.0323,5,0.58
39422,South Lake Union,24,14,22,0.6364,5,0.58
39457,South Lake Union,24,1,25,0.04,5,0.67
39465,South Lake Union,24,1,25,0.04,5,0.67
39515,South Lake Union,24,1,31,0.0323,5,0.67
39525,South Lake Union,24,14,22,0.6364,5,0.67
39565,South Lake Union,24,1,25,0.04,5,0.75
39614,South Lake Union,24,1,31,0.0323,5,0.75
39624,South Lake Union,24,14,22,0.6364,5,0.75
39666,South Lake Union,24,1,25,0.04,5,0.83
39712,South Lake Union,24,1,31,0.0323,5,0.83
39722,South Lake Union,24,14,22,0.6364,5,0.83
39756,South Lake Union,24,1,25,0.04,5,0.92
39813,South Lake Union,24,1,31,0.0323,5,0.92
39915,South Lake Union,24,1,31,0.0323,5,1.00
46070,South Lake Union,24,1,25,0.04,4,0.00
46089,South Lake Union,24,1,25,0.04,4,0.00
46091,South Lake Union,24,1,27,0.037,4,0.00
46126,South Lake Union,24,1,25,0.04,4,0.08
46159,South Lake Union,24,1,25,0.04,4,0.17
46196,South Lake Union,24,1,28,0.0357,4,0.25
46197,South Lake Union,24,1,27,0.037,4,0.25
46198,South Lake Union,24,1,23,0.0435,4,0.25
46235,South Lake Union,24,1,28,0.0357,4,0.33
46236,South Lake Union,24,1,27,0.037,4,0.33
46237,South Lake Union,24,1,23,0.0435,4,0.33
46272,South Lake Union,24,1,28,0.0357,4,0.42
46273,South Lake Union,24,1,27,0.037,4,0.42
46309,South Lake Union,24,1,28,0.0357,4,0.50
46310,South Lake Union,24,1,27,0.037,4,0.50
46346,South Lake Union,24,1,28,0.0357,4,0.58
46359,South Lake Union,24,1,25,0.04,4,0.67
46380,South Lake Union,24,1,28,0.0357,4,0.67
46394,South Lake Union,24,1,25,0.04,4,0.75
46415,South Lake Union,24,1,28,0.0357,4,0.75
46429,South Lake Union,24,1,25,0.04,4,0.83
46450,South Lake Union,24,1,28,0.0357,4,0.83
46451,South Lake Union,24,1,27,0.037,4,0.83
46452,South Lake Union,24,1,23,0.0435,4,0.83
46467,South Lake Union,24,1,25,0.04,4,0.92
46488,South Lake Union,24,1,28,0.0357,4,0.92
46489,South Lake Union,24,1,27,0.037,4,0.92
46490,South Lake Union,24,1,23,0.0435,4,0.92
46506,South Lake Union,24,1,25,0.04,4,1.00
46525,South Lake Union,24,1,25,0.04,4,1.00
46528,South Lake Union,24,1,28,0.0357,4,1.00
46529,South Lake Union,24,1,27,0.037,4,1.00
48243,South Lake Union,24,1,25,0.04,2,0.00
48247,South Lake Union,24,1,22,0.0455,2,0.00
48270,South Lake Union,24,1,21,0.0476,2,0.00
48291,South Lake Union,24,1,31,0.0323,2,0.00
48328,South Lake Union,24,1,25,0.04,2,0.08
48332,South Lake Union,24,1,22,0.0455,2,0.08
48357,South Lake Union,24,1,21,0.0476,2,0.08
48379,South Lake Union,24,1,31,0.0323,2,0.08
48417,South Lake Union,24,1,25,0.04,2,0.17
48422,South Lake Union,24,1,22,0.0455,2,0.17
48445,South Lake Union,24,1,21,0.0476,2,0.17
48467,South Lake Union,24,1,31,0.0323,2,0.17
48503,South Lake Union,24,1,25,0.04,2,0.25
48508,South Lake Union,24,1,22,0.0455,2,0.25
48530,South Lake Union,24,1,21,0.0476,2,0.25
48551,South Lake Union,24,1,31,0.0323,2,0.25
48587,South Lake Union,24,1,25,0.04,2,0.33
48592,South Lake Union,24,1,22,0.0455,2,0.33
48615,South Lake Union,24,1,21,0.0476,2,0.33
48675,South Lake Union,24,1,25,0.04,2,0.42
48680,South Lake Union,24,1,22,0.0455,2,0.42
48705,South Lake Union,24,1,21,0.0476,2,0.42
48726,South Lake Union,24,1,31,0.0323,2,0.42
48763,South Lake Union,24,1,25,0.04,2,0.50
48768,South Lake Union,24,1,22,0.0455,2,0.50
48794,South Lake Union,24,1,21,0.0476,2,0.50
48816,South Lake Union,24,1,31,0.0323,2,0.50
48854,South Lake Union,24,1,25,0.04,2,0.58
48858,South Lake Union,24,1,22,0.0455,2,0.58
48907,South Lake Union,24,1,31,0.0323,2,0.58
48947,South Lake Union,24,1,22,0.0455,2,0.67
48972,South Lake Union,24,1,21,0.0476,2,0.67
49033,South Lake Union,24,1,22,0.0455,2,0.75
49113,South Lake Union,24,1,25,0.04,2,0.83
49117,South Lake Union,24,1,22,0.0455,2,0.83
49165,South Lake Union,24,1,31,0.0323,2,0.83
49200,South Lake Union,24,1,25,0.04,2,0.92
49205,South Lake Union,24,1,22,0.0455,2,0.92
49253,South Lake Union,24,1,31,0.0323,2,0.92
49292,South Lake Union,24,1,22,0.0455,2,1.00
49336,South Lake Union,24,1,31,0.0323,2,1.00
54109,South Lake Union,24,1,28,0.0357,4,0.00
54139,South Lake Union,24,1,28,0.0357,4,0.08
54158,South Lake Union,24,1,25,0.04,4,0.08
54190,South Lake Union,24,1,25,0.04,4,0.17
54224,South Lake Union,24,1,25,0.04,4,0.25
54237,South Lake Union,24,1,28,0.0357,4,0.33
54256,South Lake Union,24,1,25,0.04,4,0.33
54258,South Lake Union,24,1,25,0.04,4,0.33
54259,South Lake Union,24,1,27,0.037,4,0.33
54273,South Lake Union,24,1,28,0.0357,4,0.42
54291,South Lake Union,24,1,25,0.04,4,0.42
54293,South Lake Union,24,1,25,0.04,4,0.42
54294,South Lake Union,24,1,27,0.037,4,0.42
54307,South Lake Union,24,1,28,0.0357,4,0.50
54327,South Lake Union,24,1,25,0.04,4,0.50
54339,South Lake Union,24,1,28,0.0357,4,0.58
54356,South Lake Union,24,1,25,0.04,4,0.58
54359,South Lake Union,24,1,25,0.04,4,0.58
54386,South Lake Union,24,1,25,0.04,4,0.67
54388,South Lake Union,24,1,25,0.04,4,0.67
54389,South Lake Union,24,1,23,0.0435,4,0.67
54400,South Lake Union,24,1,28,0.0357,4,0.75
54420,South Lake Union,24,1,25,0.04,4,0.75
54452,South Lake Union,24,1,25,0.04,4,0.83
54484,South Lake Union,24,1,25,0.04,4,0.92
54496,South Lake Union,24,1,28,0.0357,4,1.00
54516,South Lake Union,24,1,25,0.04,4,1.00
54517,South Lake Union,24,1,27,0.037,4,1.00
348,University District,25,1,22,0.0455,4,0.67
424,University District,25,1,22,0.0455,4,0.83
458,University District,25,1,22,0.0455,4,0.92
489,University District,25,1,22,0.0455,4,1.00
12480,University District,25,1,26,0.0385,3,0.00
12496,University District,25,1,23,0.0435,3,0.00
12509,University District,25,1,26,0.0385,3,0.08
12527,University District,25,1,33,0.0303,3,0.08
12540,University District,25,1,26,0.0385,3,0.17
12559,University District,25,1,33,0.0303,3,0.17
12573,University District,25,1,26,0.0385,3,0.25
12590,University District,25,1,33,0.0303,3,0.25
12602,University District,25,1,22,0.0455,3,0.25
12605,University District,25,1,26,0.0385,3,0.33
12625,University District,25,1,33,0.0303,3,0.33
12640,University District,25,1,26,0.0385,3,0.42
12658,University District,25,1,33,0.0303,3,0.42
12668,University District,25,1,22,0.0455,3,0.42
12672,University District,25,1,26,0.0385,3,0.50
12690,University District,25,1,33,0.0303,3,0.50
12703,University District,25,1,26,0.0385,3,0.58
12722,University District,25,1,33,0.0303,3,0.58
12731,University District,25,1,22,0.0455,3,0.58
12749,University District,25,1,33,0.0303,3,0.67
12759,University District,25,1,22,0.0455,3,0.67
12777,University District,25,1,33,0.0303,3,0.75
12802,University District,25,1,33,0.0303,3,0.83
12819,University District,25,1,24,0.0417,3,0.92
12832,University District,25,1,23,0.0435,3,0.92
12841,University District,25,1,22,0.0455,3,0.92
12845,University District,25,1,26,0.0385,3,1.00
12849,University District,25,1,24,0.0417,3,1.00
12868,University District,25,1,22,0.0455,3,1.00
12874,University District,25,1,24,0.0417,3,1.08
12887,University District,25,1,23,0.0435,3,1.08
23176,University District,25,1,26,0.0385,3,0.00
23204,University District,25,1,23,0.0435,3,0.00
23218,University District,25,1,26,0.0385,3,0.08
23244,University District,25,1,23,0.0435,3,0.08
23257,University District,25,1,26,0.0385,3,0.17
23297,University District,25,1,22,0.0455,3,0.17
23302,University District,25,1,26,0.0385,3,0.25
23331,University District,25,1,23,0.0435,3,0.25
23346,University District,25,1,26,0.0385,3,0.33
23373,University District,25,1,23,0.0435,3,0.33
23389,University District,25,1,26,0.0385,3,0.42
23431,University District,25,1,26,0.0385,3,0.50
23474,University District,25,1,26,0.0385,3,0.58
23561,University District,25,1,26,0.0385,3,0.75
23601,University District,25,1,22,0.0455,3,0.75
23606,University District,25,1,26,0.0385,3,0.83
23631,University District,25,1,23,0.0435,3,0.83
23641,University District,25,1,22,0.0455,3,0.83
23646,University District,25,1,26,0.0385,3,0.92
23672,University District,25,1,23,0.0435,3,0.92
23686,University District,25,1,26,0.0385,3,1.00
23712,University District,25,1,23,0.0435,3,1.00
23727,University District,25,1,26,0.0385,3,1.08
34247,University District,25,1,23,0.0435,1,1.17
39959,University District,25,1,26,0.0385,3,0.00
39988,University District,25,1,33,0.0303,3,0.00
40005,University District,25,1,26,0.0385,3,0.08
40011,University District,25,1,24,0.0417,3,0.08
40034,University District,25,1,33,0.0303,3,0.08
40053,University District,25,1,26,0.0385,3,0.17
40058,University District,25,1,24,0.0417,3,0.17
40080,University District,25,1,33,0.0303,3,0.17
40099,University District,25,1,26,0.0385,3,0.25
40104,University District,25,1,24,0.0417,3,0.25
40125,University District,25,1,23,0.0435,3,0.25
40138,University District,25,1,22,0.0455,3,0.25
40144,University District,25,1,26,0.0385,3,0.33
40172,University District,25,1,23,0.0435,3,0.33
40191,University District,25,1,26,0.0385,3,0.42
40198,University District,25,1,24,0.0417,3,0.42
40219,University District,25,1,23,0.0435,3,0.42
40232,University District,25,1,22,0.0455,3,0.42
40237,University District,25,1,26,0.0385,3,0.50
40267,University District,25,1,23,0.0435,3,0.50
40284,University District,25,1,26,0.0385,3,0.58
40314,University District,25,1,33,0.0303,3,0.58
40326,University District,25,1,22,0.0455,3,0.58
40332,University District,25,1,26,0.0385,3,0.67
40361,University District,25,1,23,0.0435,3,0.67
40374,University District,25,1,22,0.0455,3,0.67
40380,University District,25,1,26,0.0385,3,0.75
40408,University District,25,1,33,0.0303,3,0.75
40421,University District,25,1,22,0.0455,3,0.75
40427,University District,25,1,26,0.0385,3,0.83
40469,University District,25,1,22,0.0455,3,0.83
40475,University District,25,1,26,0.0385,3,0.92
40513,University District,25,1,22,0.0455,3,0.92
40519,University District,25,1,26,0.0385,3,1.00
40543,University District,25,1,23,0.0435,3,1.00
40576,University District,25,1,23,0.0435,3,1.08
51735,University District,25,1,26,0.0385,5,0.00
51761,University District,25,1,33,0.0303,5,0.00
51777,University District,25,1,26,0.0385,5,0.08
51785,University District,25,1,24,0.0417,5,0.08
51804,University District,25,1,29,0.0345,5,0.08
51822,University District,25,1,26,0.0385,5,0.17
51830,University District,25,1,24,0.0417,5,0.17
51847,University District,25,1,29,0.0345,5,0.17
51865,University District,25,1,26,0.0385,5,0.25
51871,University District,25,1,24,0.0417,5,0.25
51888,University District,25,1,29,0.0345,5,0.25
51906,University District,25,1,26,0.0385,5,0.33
51913,University District,25,1,24,0.0417,5,0.33
51930,University District,25,1,29,0.0345,5,0.33
51947,University District,25,1,26,0.0385,5,0.42
51952,University District,25,1,24,0.0417,5,0.42
51969,University District,25,1,29,0.0345,5,0.42
51988,University District,25,1,26,0.0385,5,0.50
51993,University District,25,1,24,0.0417,5,0.50
52011,University District,25,1,29,0.0345,5,0.50
52030,University District,25,1,26,0.0385,5,0.58
52052,University District,25,1,29,0.0345,5,0.58
52071,University District,25,1,26,0.0385,5,0.67
52098,University District,25,1,29,0.0345,5,0.67
52116,University District,25,1,26,0.0385,5,0.75
52159,University District,25,1,26,0.0385,5,0.83
52200,University District,25,1,26,0.0385,5,0.92
52242,University District,25,1,26,0.0385,5,1.00
52250,University District,25,1,24,0.0417,5,1.00
124,Uptown Triangle,27,1,26,0.0385,4,0.17
269,Uptown Triangle,27,1,26,0.0385,4,0.50
12405,Uptown Triangle,27,1,26,0.0385,5,0.08
12458,Uptown Triangle,27,1,26,0.0385,5,0.75
12464,Uptown Triangle,27,1,26,0.0385,5,0.83
12471,Uptown Triangle,27,1,26,0.0385,5,0.92
12477,Uptown Triangle,27,1,26,0.0385,5,1.00
13563,Uptown Triangle,27,1,26,0.0385,4,0.58
13579,Uptown Triangle,27,1,26,0.0385,4,0.67
13595,Uptown Triangle,27,1,26,0.0385,4,0.75
13611,Uptown Triangle,27,1,26,0.0385,4,0.83
23795,Uptown Triangle,27,1,26,0.0385,4,0.00
23796,Uptown Triangle,27,1,24,0.0417,4,0.00
32207,Uptown Triangle,27,1,26,0.0385,7,0.08
32208,Uptown Triangle,27,1,24,0.0417,7,0.08
32218,Uptown Triangle,27,1,26,0.0385,7,0.17
32219,Uptown Triangle,27,1,24,0.0417,7,0.17
32228,Uptown Triangle,27,1,26,0.0385,7,0.25
32229,Uptown Triangle,27,1,24,0.0417,7,0.25
32239,Uptown Triangle,27,1,26,0.0385,7,0.33
32251,Uptown Triangle,27,1,26,0.0385,7,0.42
32262,Uptown Triangle,27,1,26,0.0385,7,0.50
32273,Uptown Triangle,27,1,26,0.0385,7,0.58
32274,Uptown Triangle,27,1,24,0.0417,7,0.58
32285,Uptown Triangle,27,1,24,0.0417,7,0.67
32298,Uptown Triangle,27,1,24,0.0417,7,0.75
32309,Uptown Triangle,27,1,26,0.0385,7,0.83
32310,Uptown Triangle,27,1,24,0.0417,7,0.83
32321,Uptown Triangle,27,1,26,0.0385,7,0.92
32322,Uptown Triangle,27,1,24,0.0417,7,0.92
32333,Uptown Triangle,27,1,26,0.0385,7,1.00
32346,Uptown Triangle,27,1,24,0.0417,7,1.08
44695,Uptown Triangle,27,1,24,0.0417,3,0.25
44875,Uptown Triangle,27,1,24,0.0417,3,0.42
44963,Uptown Triangle,27,1,26,0.0385,3,0.50
44964,Uptown Triangle,27,1,24,0.0417,3,0.50
45052,Uptown Triangle,27,1,24,0.0417,3,0.58
45148,Uptown Triangle,27,1,24,0.0417,3,0.67
45243,Uptown Triangle,27,1,26,0.0385,3,0.75
45244,Uptown Triangle,27,1,24,0.0417,3,0.75
45338,Uptown Triangle,27,1,26,0.0385,3,0.83
45339,Uptown Triangle,27,1,24,0.0417,3,0.83
45430,Uptown Triangle,27,1,26,0.0385,3,0.92
45431,Uptown Triangle,27,1,24,0.0417,3,0.92
45516,Uptown Triangle,27,1,26,0.0385,3,1.00
45517,Uptown Triangle,27,1,24,0.0417,3,1.00
45610,Uptown Triangle,27,1,24,0.0417,3,1.08
45702,Uptown Triangle,27,1,26,0.0385,3,1.17
45703,Uptown Triangle,27,1,24,0.0417,3,1.17
58736,Uptown Triangle,27,3,54,0.0556,1,0.83
58745,Uptown Triangle,27,16,28,0.5714,1,0.83
58746,Uptown Triangle,27,4,48,0.0833,1,0.83
58747,Uptown Triangle,27,3,48,0.0625,1,0.83
58762,Uptown Triangle,27,16,28,0.5714,1,0.83
58796,Uptown Triangle,27,4,96,0.0417,1,0.83
58834,Uptown Triangle,27,32,56,0.5714,1,0.92
58835,Uptown Triangle,27,8,96,0.0833,1,0.92
58851,Uptown Triangle,27,32,56,0.5714,1,0.92
58958,Uptown Triangle,27,1,26,0.0385,1,1.00
58959,Uptown Triangle,27,1,24,0.0417,1,1.00
45726,West Seattle,28,1,31,0.0323,4,0.00
45728,West Seattle,28,1,21,0.0476,4,0.00
45730,West Seattle,28,1,23,0.0435,4,0.00
45731,West Seattle,28,1,21,0.0476,4,0.00
45736,West Seattle,28,1,27,0.037,4,0.00
45752,West Seattle,28,1,31,0.0323,4,0.08
45754,West Seattle,28,1,21,0.0476,4,0.08
45756,West Seattle,28,1,23,0.0435,4,0.08
45762,West Seattle,28,1,25,0.04,4,0.08
45778,West Seattle,28,1,31,0.0323,4,0.17
45779,West Seattle,28,1,21,0.0476,4,0.17
45781,West Seattle,28,1,23,0.0435,4,0.17
45782,West Seattle,28,1,21,0.0476,4,0.17
45788,West Seattle,28,1,27,0.037,4,0.17
45803,West Seattle,28,1,31,0.0323,4,0.25
45804,West Seattle,28,1,21,0.0476,4,0.25
45806,West Seattle,28,1,23,0.0435,4,0.25
45807,West Seattle,28,1,21,0.0476,4,0.25
45812,West Seattle,28,1,27,0.037,4,0.25
45827,West Seattle,28,1,31,0.0323,4,0.33
45831,West Seattle,28,1,23,0.0435,4,0.33
45832,West Seattle,28,1,21,0.0476,4,0.33
45839,West Seattle,28,1,27,0.037,4,0.33
45855,West Seattle,28,1,31,0.0323,4,0.42
45859,West Seattle,28,1,23,0.0435,4,0.42
45861,West Seattle,28,1,21,0.0476,4,0.42
45862,West Seattle,28,1,23,0.0435,4,0.42
45865,West Seattle,28,1,27,0.037,4,0.42
45880,West Seattle,28,1,31,0.0323,4,0.50
45881,West Seattle,28,1,21,0.0476,4,0.50
45883,West Seattle,28,1,23,0.0435,4,0.50
45889,West Seattle,28,1,27,0.037,4,0.50
45905,West Seattle,28,1,31,0.0323,4,0.58
45906,West Seattle,28,1,21,0.0476,4,0.58
45908,West Seattle,28,1,23,0.0435,4,0.58
45915,West Seattle,28,1,27,0.037,4,0.58
45932,West Seattle,28,1,31,0.0323,4,0.67
45934,West Seattle,28,1,21,0.0476,4,0.67
45936,West Seattle,28,1,23,0.0435,4,0.67
45937,West Seattle,28,1,21,0.0476,4,0.67
45944,West Seattle,28,1,27,0.037,4,0.67
45961,West Seattle,28,1,31,0.0323,4,0.75
45963,West Seattle,28,1,21,0.0476,4,0.75
45965,West Seattle,28,1,23,0.0435,4,0.75
45966,West Seattle,28,1,21,0.0476,4,0.75
45973,West Seattle,28,1,27,0.037,4,0.75
45990,West Seattle,28,1,31,0.0323,4,0.83
45992,West Seattle,28,1,21,0.0476,4,0.83
45994,West Seattle,28,1,23,0.0435,4,0.83
45995,West Seattle,28,1,21,0.0476,4,0.83
45999,West Seattle,28,1,23,0.0435,4,0.83
46002,West Seattle,28,1,27,0.037,4,0.83
46019,West Seattle,28,1,31,0.0323,4,0.92
46021,West Seattle,28,1,21,0.0476,4,0.92
46023,West Seattle,28,1,23,0.0435,4,0.92
46024,West Seattle,28,1,21,0.0476,4,0.92
46031,West Seattle,28,1,27,0.037,4,0.92
46048,West Seattle,28,1,31,0.0323,4,1.00
46050,West Seattle,28,1,21,0.0476,4,1.00
46052,West Seattle,28,1,23,0.0435,4,1.00
46053,West Seattle,28,1,21,0.0476,4,1.00
46059,West Seattle,28,1,27,0.037,4,1.00
72,Westlake,28,1,26,0.0385,4,0.00
73,Westlake,29,1,47,0.0213,4,0.00
74,Westlake,29,1,23,0.0435,4,0.00
75,Westlake,29,1,30,0.0333,4,0.00
76,Westlake,29,1,36,0.0278,4,0.00
103,Westlake,29,1,47,0.0213,4,0.08
104,Westlake,29,1,23,0.0435,4,0.08
105,Westlake,29,1,50,0.02,4,0.08
106,Westlake,29,1,36,0.0278,4,0.08
132,Westlake,29,1,26,0.0385,4,0.17
134,Westlake,29,1,47,0.0213,4,0.17
135,Westlake,29,1,23,0.0435,4,0.17
136,Westlake,29,1,25,0.04,4,0.17
137,Westlake,29,1,50,0.02,4,0.17
140,Westlake,29,1,30,0.0333,4,0.17
141,Westlake,29,1,36,0.0278,4,0.17
168,Westlake,29,1,47,0.0213,4,0.25
169,Westlake,29,1,37,0.027,4,0.25
170,Westlake,29,1,23,0.0435,4,0.25
171,Westlake,29,1,25,0.04,4,0.25
172,Westlake,29,1,50,0.02,4,0.25
175,Westlake,29,1,30,0.0333,4,0.25
176,Westlake,29,1,36,0.0278,4,0.25
205,Westlake,29,1,47,0.0213,4,0.33
206,Westlake,29,1,37,0.027,4,0.33
207,Westlake,29,1,23,0.0435,4,0.33
208,Westlake,29,1,25,0.04,4,0.33
209,Westlake,29,1,50,0.02,4,0.33
213,Westlake,29,1,30,0.0333,4,0.33
214,Westlake,29,1,36,0.0278,4,0.33
241,Westlake,29,1,47,0.0213,4,0.42
242,Westlake,29,1,37,0.027,4,0.42
243,Westlake,29,1,23,0.0435,4,0.42
244,Westlake,29,1,25,0.04,4,0.42
245,Westlake,29,1,50,0.02,4,0.42
248,Westlake,29,1,30,0.0333,4,0.42
249,Westlake,29,1,36,0.0278,4,0.42
278,Westlake,29,1,47,0.0213,4,0.50
279,Westlake,29,1,37,0.027,4,0.50
280,Westlake,29,1,23,0.0435,4,0.50
281,Westlake,29,1,50,0.02,4,0.50
284,Westlake,29,1,30,0.0333,4,0.50
285,Westlake,29,1,36,0.0278,4,0.50
314,Westlake,29,1,26,0.0385,4,0.58
316,Westlake,29,1,47,0.0213,4,0.58
317,Westlake,29,1,37,0.027,4,0.58
318,Westlake,29,1,23,0.0435,4,0.58
319,Westlake,29,1,25,0.04,4,0.58
320,Westlake,29,1,50,0.02,4,0.58
322,Westlake,29,1,30,0.0333,4,0.58
323,Westlake,29,1,36,0.0278,4,0.58
349,Westlake,29,1,26,0.0385,4,0.67
351,Westlake,29,1,47,0.0213,4,0.67
352,Westlake,29,1,37,0.027,4,0.67
353,Westlake,29,1,23,0.0435,4,0.67
354,Westlake,29,1,25,0.04,4,0.67
355,Westlake,29,1,50,0.02,4,0.67
358,Westlake,29,1,30,0.0333,4,0.67
359,Westlake,29,1,36,0.0278,4,0.67
388,Westlake,29,1,26,0.0385,4,0.75
390,Westlake,29,1,47,0.0213,4,0.75
391,Westlake,29,1,37,0.027,4,0.75
392,Westlake,29,1,25,0.04,4,0.75
393,Westlake,29,1,50,0.02,4,0.75
395,Westlake,29,1,30,0.0333,4,0.75
396,Westlake,29,1,36,0.0278,4,0.75
425,Westlake,29,1,26,0.0385,4,0.83
427,Westlake,29,1,47,0.0213,4,0.83
428,Westlake,29,1,37,0.027,4,0.83
429,Westlake,29,1,25,0.04,4,0.83
430,Westlake,29,1,50,0.02,4,0.83
432,Westlake,29,1,30,0.0333,4,0.83
433,Westlake,29,1,36,0.0278,4,0.83
459,Westlake,29,1,26,0.0385,4,0.92
460,Westlake,29,1,47,0.0213,4,0.92
461,Westlake,29,1,37,0.027,4,0.92
462,Westlake,29,1,25,0.04,4,0.92
463,Westlake,29,1,50,0.02,4,0.92
465,Westlake,29,1,30,0.0333,4,0.92
466,Westlake,29,1,36,0.0278,4,0.92
490,Westlake,29,1,26,0.0385,4,1.00
491,Westlake,29,1,47,0.0213,4,1.00
492,Westlake,29,1,30,0.0333,4,1.00
21447,Westlake,29,1,37,0.027,3,-0.08
21448,Westlake,29,1,59,0.0169,3,-0.08
21449,Westlake,29,1,37,0.027,3,-0.08
21450,Westlake,29,1,23,0.0435,3,-0.08
21451,Westlake,29,1,91,0.011,3,-0.08
21452,Westlake,29,1,25,0.04,3,-0.08
21453,Westlake,29,1,65,0.0154,3,-0.08
21454,Westlake,29,1,26,0.0385,3,-0.08
21456,Westlake,29,1,30,0.0333,3,-0.08
21457,Westlake,29,1,44,0.0227,3,-0.08
21460,Westlake,29,1,37,0.027,3,0.00
21461,Westlake,29,1,21,0.0476,3,0.00
21462,Westlake,29,1,47,0.0213,3,0.00
21463,Westlake,29,1,37,0.027,3,0.00
21464,Westlake,29,1,23,0.0435,3,0.00
21465,Westlake,29,1,91,0.011,3,0.00
21466,Westlake,29,1,41,0.0244,3,0.00
21467,Westlake,29,1,48,0.0208,3,0.00
21468,Westlake,29,1,65,0.0154,3,0.00
21469,Westlake,29,1,42,0.0238,3,0.00
21471,Westlake,29,1,21,0.0476,3,0.00
21472,Westlake,29,1,30,0.0333,3,0.00
21473,Westlake,29,1,44,0.0227,3,0.00
21476,Westlake,29,1,26,0.0385,3,0.08
21477,Westlake,29,1,21,0.0476,3,0.08
21478,Westlake,29,1,47,0.0213,3,0.08
21479,Westlake,29,1,37,0.027,3,0.08
21480,Westlake,29,1,23,0.0435,3,0.08
21481,Westlake,29,1,91,0.011,3,0.08
21482,Westlake,29,1,41,0.0244,3,0.08
21483,Westlake,29,1,48,0.0208,3,0.08
21484,Westlake,29,1,65,0.0154,3,0.08
21485,Westlake,29,1,42,0.0238,3,0.08
21487,Westlake,29,1,21,0.0476,3,0.08
21488,Westlake,29,1,30,0.0333,3,0.08
21489,Westlake,29,1,44,0.0227,3,0.08
21493,Westlake,29,1,37,0.027,3,0.17
21495,Westlake,29,1,47,0.0213,3,0.17
21496,Westlake,29,1,37,0.027,3,0.17
21497,Westlake,29,1,23,0.0435,3,0.17
21498,Westlake,29,1,91,0.011,3,0.17
21499,Westlake,29,1,41,0.0244,3,0.17
21500,Westlake,29,1,48,0.0208,3,0.17
21501,Westlake,29,1,65,0.0154,3,0.17
21502,Westlake,29,1,26,0.0385,3,0.17
21506,Westlake,29,1,30,0.0333,3,0.17
21507,Westlake,29,1,44,0.0227,3,0.17
21511,Westlake,29,1,26,0.0385,3,0.25
21512,Westlake,29,1,21,0.0476,3,0.25
21513,Westlake,29,1,47,0.0213,3,0.25
21514,Westlake,29,1,37,0.027,3,0.25
21515,Westlake,29,1,23,0.0435,3,0.25
21516,Westlake,29,1,91,0.011,3,0.25
21517,Westlake,29,1,41,0.0244,3,0.25
21518,Westlake,29,1,50,0.02,3,0.25
21519,Westlake,29,1,65,0.0154,3,0.25
21520,Westlake,29,1,26,0.0385,3,0.25
21522,Westlake,29,1,21,0.0476,3,0.25
21523,Westlake,29,1,30,0.0333,3,0.25
21524,Westlake,29,1,44,0.0227,3,0.25
21528,Westlake,29,1,26,0.0385,3,0.33
21530,Westlake,29,1,47,0.0213,3,0.33
21531,Westlake,29,1,37,0.027,3,0.33
21532,Westlake,29,1,23,0.0435,3,0.33
21533,Westlake,29,1,91,0.011,3,0.33
21534,Westlake,29,1,50,0.02,3,0.33
21535,Westlake,29,1,65,0.0154,3,0.33
21536,Westlake,29,1,26,0.0385,3,0.33
21538,Westlake,29,1,21,0.0476,3,0.33
21539,Westlake,29,1,30,0.0333,3,0.33
21540,Westlake,29,1,44,0.0227,3,0.33
21545,Westlake,29,1,37,0.027,3,0.42
21547,Westlake,29,1,47,0.0213,3,0.42
21548,Westlake,29,1,37,0.027,3,0.42
21549,Westlake,29,1,23,0.0435,3,0.42
21550,Westlake,29,1,91,0.011,3,0.42
21551,Westlake,29,1,41,0.0244,3,0.42
21552,Westlake,29,1,48,0.0208,3,0.42
21553,Westlake,29,1,65,0.0154,3,0.42
21554,Westlake,29,1,26,0.0385,3,0.42
21556,Westlake,29,1,21,0.0476,3,0.42
21557,Westlake,29,1,30,0.0333,3,0.42
21558,Westlake,29,1,44,0.0227,3,0.42
21563,Westlake,29,1,37,0.027,3,0.50
21564,Westlake,29,1,21,0.0476,3,0.50
21565,Westlake,29,1,47,0.0213,3,0.50
21566,Westlake,29,1,37,0.027,3,0.50
21567,Westlake,29,1,23,0.0435,3,0.50
21568,Westlake,29,1,91,0.011,3,0.50
21569,Westlake,29,1,41,0.0244,3,0.50
21570,Westlake,29,1,50,0.02,3,0.50
21571,Westlake,29,1,65,0.0154,3,0.50
21572,Westlake,29,1,26,0.0385,3,0.50
21575,Westlake,29,1,21,0.0476,3,0.50
21576,Westlake,29,1,30,0.0333,3,0.50
21577,Westlake,29,1,44,0.0227,3,0.50
21582,Westlake,29,1,37,0.027,3,0.58
21583,Westlake,29,1,21,0.0476,3,0.58
21584,Westlake,29,1,47,0.0213,3,0.58
21585,Westlake,29,1,37,0.027,3,0.58
21586,Westlake,29,1,23,0.0435,3,0.58
21587,Westlake,29,1,91,0.011,3,0.58
21588,Westlake,29,1,25,0.04,3,0.58
21589,Westlake,29,1,50,0.02,3,0.58
21590,Westlake,29,1,65,0.0154,3,0.58
21591,Westlake,29,1,42,0.0238,3,0.58
21595,Westlake,29,1,40,0.025,3,0.58
21596,Westlake,29,1,44,0.0227,3,0.58
21601,Westlake,29,1,26,0.0385,3,0.67
21602,Westlake,29,1,21,0.0476,3,0.67
21603,Westlake,29,1,47,0.0213,3,0.67
21604,Westlake,29,1,37,0.027,3,0.67
21605,Westlake,29,1,23,0.0435,3,0.67
21606,Westlake,29,1,91,0.011,3,0.67
21607,Westlake,29,1,25,0.04,3,0.67
21608,Westlake,29,1,50,0.02,3,0.67
21609,Westlake,29,1,65,0.0154,3,0.67
21610,Westlake,29,1,42,0.0238,3,0.67
21612,Westlake,29,1,21,0.0476,3,0.67
21613,Westlake,29,1,30,0.0333,3,0.67
21614,Westlake,29,1,44,0.0227,3,0.67
21619,Westlake,29,1,26,0.0385,3,0.75
21621,Westlake,29,1,47,0.0213,3,0.75
21622,Westlake,29,1,37,0.027,3,0.75
21623,Westlake,29,1,23,0.0435,3,0.75
21624,Westlake,29,1,91,0.011,3,0.75
21625,Westlake,29,1,41,0.0244,3,0.75
21626,Westlake,29,1,50,0.02,3,0.75
21627,Westlake,29,1,65,0.0154,3,0.75
21628,Westlake,29,1,42,0.0238,3,0.75
21632,Westlake,29,1,30,0.0333,3,0.75
21633,Westlake,29,1,44,0.0227,3,0.75
21636,Westlake,29,1,37,0.027,3,0.83
21638,Westlake,29,1,59,0.0169,3,0.83
21639,Westlake,29,1,37,0.027,3,0.83
21640,Westlake,29,1,23,0.0435,3,0.83
21641,Westlake,29,1,94,0.0106,3,0.83
21642,Westlake,29,1,25,0.04,3,0.83
21643,Westlake,29,1,50,0.02,3,0.83
21644,Westlake,29,1,65,0.0154,3,0.83
21645,Westlake,29,1,42,0.0238,3,0.83
21648,Westlake,29,1,21,0.0476,3,0.83
21649,Westlake,29,1,30,0.0333,3,0.83
21650,Westlake,29,1,44,0.0227,3,0.83
21653,Westlake,29,1,37,0.027,3,0.92
21655,Westlake,29,1,59,0.0169,3,0.92
21656,Westlake,29,1,37,0.027,3,0.92
21657,Westlake,29,1,23,0.0435,3,0.92
21658,Westlake,29,1,91,0.011,3,0.92
21659,Westlake,29,1,25,0.04,3,0.92
21660,Westlake,29,1,50,0.02,3,0.92
21661,Westlake,29,1,65,0.0154,3,0.92
21662,Westlake,29,1,42,0.0238,3,0.92
21665,Westlake,29,1,40,0.025,3,0.92
21666,Westlake,29,1,44,0.0227,3,0.92
42853,Westlake,29,1,34,0.0294,4,0.00
42854,Westlake,29,1,21,0.0476,4,0.00
42855,Westlake,29,1,53,0.0189,4,0.00
42856,Westlake,29,1,54,0.0185,4,0.00
42857,Westlake,29,1,33,0.0303,4,0.00
42859,Westlake,29,1,44,0.0227,4,0.00
42860,Westlake,29,1,36,0.0278,4,0.00
42861,Westlake,29,1,24,0.0417,4,0.00
42863,Westlake,29,1,41,0.0244,4,0.00
42889,Westlake,29,1,34,0.0294,4,0.08
42891,Westlake,29,1,53,0.0189,4,0.08
42892,Westlake,29,1,54,0.0185,4,0.08
42893,Westlake,29,1,33,0.0303,4,0.08
42895,Westlake,29,1,44,0.0227,4,0.08
42896,Westlake,29,1,36,0.0278,4,0.08
42898,Westlake,29,1,24,0.0417,4,0.08
42900,Westlake,29,1,34,0.0294,4,0.08
42901,Westlake,29,1,31,0.0323,4,0.08
42925,Westlake,29,1,34,0.0294,4,0.17
42927,Westlake,29,1,53,0.0189,4,0.17
42928,Westlake,29,1,54,0.0185,4,0.17
42929,Westlake,29,1,33,0.0303,4,0.17
42930,Westlake,29,1,30,0.0333,4,0.17
42931,Westlake,29,1,44,0.0227,4,0.17
42932,Westlake,29,1,120,0.0083,4,0.17
42934,Westlake,29,1,24,0.0417,4,0.17
42936,Westlake,29,1,34,0.0294,4,0.17
42937,Westlake,29,1,41,0.0244,4,0.17
42962,Westlake,29,1,34,0.0294,4,0.25
42964,Westlake,29,1,53,0.0189,4,0.25
42965,Westlake,29,1,54,0.0185,4,0.25
42966,Westlake,29,1,33,0.0303,4,0.25
42967,Westlake,29,1,30,0.0333,4,0.25
42968,Westlake,29,1,44,0.0227,4,0.25
42969,Westlake,29,1,120,0.0083,4,0.25
42971,Westlake,29,1,24,0.0417,4,0.25
42973,Westlake,29,1,34,0.0294,4,0.25
42974,Westlake,29,1,41,0.0244,4,0.25
42998,Westlake,29,1,34,0.0294,4,0.33
43000,Westlake,29,1,53,0.0189,4,0.33
43001,Westlake,29,1,54,0.0185,4,0.33
43002,Westlake,29,1,33,0.0303,4,0.33
43003,Westlake,29,1,30,0.0333,4,0.33
43004,Westlake,29,1,44,0.0227,4,0.33
43005,Westlake,29,1,120,0.0083,4,0.33
43007,Westlake,29,1,24,0.0417,4,0.33
43009,Westlake,29,1,34,0.0294,4,0.33
43010,Westlake,29,1,41,0.0244,4,0.33
43035,Westlake,29,1,34,0.0294,4,0.42
43037,Westlake,29,1,53,0.0189,4,0.42
43038,Westlake,29,1,54,0.0185,4,0.42
43039,Westlake,29,1,33,0.0303,4,0.42
43040,Westlake,29,1,30,0.0333,4,0.42
43041,Westlake,29,1,44,0.0227,4,0.42
43042,Westlake,29,1,120,0.0083,4,0.42
43044,Westlake,29,1,24,0.0417,4,0.42
43046,Westlake,29,1,34,0.0294,4,0.42
43047,Westlake,29,1,41,0.0244,4,0.42
43070,Westlake,29,1,34,0.0294,4,0.50
43072,Westlake,29,1,53,0.0189,4,0.50
43073,Westlake,29,1,54,0.0185,4,0.50
43074,Westlake,29,1,33,0.0303,4,0.50
43075,Westlake,29,1,30,0.0333,4,0.50
43076,Westlake,29,1,44,0.0227,4,0.50
43077,Westlake,29,1,120,0.0083,4,0.50
43079,Westlake,29,1,24,0.0417,4,0.50
43081,Westlake,29,1,34,0.0294,4,0.50
43082,Westlake,29,1,41,0.0244,4,0.50
43106,Westlake,29,1,34,0.0294,4,0.58
43108,Westlake,29,1,53,0.0189,4,0.58
43109,Westlake,29,1,54,0.0185,4,0.58
43110,Westlake,29,1,21,0.0476,4,0.58
43111,Westlake,29,1,30,0.0333,4,0.58
43112,Westlake,29,1,44,0.0227,4,0.58
43113,Westlake,29,1,36,0.0278,4,0.58
43115,Westlake,29,1,23,0.0435,4,0.58
43117,Westlake,29,1,34,0.0294,4,0.58
43118,Westlake,29,1,41,0.0244,4,0.58
43141,Westlake,29,1,34,0.0294,4,0.67
43143,Westlake,29,1,53,0.0189,4,0.67
43144,Westlake,29,1,54,0.0185,4,0.67
43145,Westlake,29,1,21,0.0476,4,0.67
43146,Westlake,29,1,30,0.0333,4,0.67
43147,Westlake,29,1,44,0.0227,4,0.67
43148,Westlake,29,1,36,0.0278,4,0.67
43150,Westlake,29,1,23,0.0435,4,0.67
43152,Westlake,29,1,34,0.0294,4,0.67
43153,Westlake,29,1,41,0.0244,4,0.67
43177,Westlake,29,1,34,0.0294,4,0.75
43179,Westlake,29,1,53,0.0189,4,0.75
43180,Westlake,29,1,45,0.0222,4,0.75
43181,Westlake,29,1,21,0.0476,4,0.75
43182,Westlake,29,1,30,0.0333,4,0.75
43183,Westlake,29,1,44,0.0227,4,0.75
43184,Westlake,29,1,36,0.0278,4,0.75
43186,Westlake,29,1,23,0.0435,4,0.75
43188,Westlake,29,1,34,0.0294,4,0.75
43189,Westlake,29,1,41,0.0244,4,0.75
43213,Westlake,29,1,34,0.0294,4,0.83
43215,Westlake,29,1,53,0.0189,4,0.83
43216,Westlake,29,1,45,0.0222,4,0.83
43217,Westlake,29,1,33,0.0303,4,0.83
43218,Westlake,29,1,30,0.0333,4,0.83
43219,Westlake,29,1,44,0.0227,4,0.83
43220,Westlake,29,1,36,0.0278,4,0.83
43223,Westlake,29,1,34,0.0294,4,0.83
43224,Westlake,29,1,41,0.0244,4,0.83
43248,Westlake,29,1,34,0.0294,4,0.92
43250,Westlake,29,1,53,0.0189,4,0.92
43251,Westlake,29,1,45,0.0222,4,0.92
43252,Westlake,29,1,21,0.0476,4,0.92
43253,Westlake,29,1,30,0.0333,4,0.92
43254,Westlake,29,1,44,0.0227,4,0.92
43255,Westlake,29,1,36,0.0278,4,0.92
43258,Westlake,29,1,34,0.0294,4,0.92
43259,Westlake,29,1,41,0.0244,4,0.92
43284,Westlake,29,1,34,0.0294,4,1.00
43285,Westlake,29,1,53,0.0189,4,1.00
43286,Westlake,29,1,45,0.0222,4,1.00
43287,Westlake,29,1,33,0.0303,4,1.00
43288,Westlake,29,1,30,0.0333,4,1.00
43289,Westlake,29,1,44,0.0227,4,1.00
43290,Westlake,29,1,36,0.0278,4,1.00
43292,Westlake,29,1,24,0.0417,4,1.00
43294,Westlake,29,1,34,0.0294,4,1.00
43295,Westlake,29,1,41,0.0244,4,1.00
56647,Westlake,29,1,34,0.0294,3,0.00
56649,Westlake,29,1,49,0.0204,3,0.00
56650,Westlake,29,1,45,0.0222,3,0.00
56651,Westlake,29,1,32,0.0313,3,0.00
56652,Westlake,29,1,30,0.0333,3,0.00
56653,Westlake,29,1,45,0.0222,3,0.00
56655,Westlake,29,1,25,0.04,3,0.00
56658,Westlake,29,1,37,0.027,3,0.00
56659,Westlake,29,1,34,0.0294,3,0.08
56661,Westlake,29,1,49,0.0204,3,0.08
56662,Westlake,29,1,45,0.0222,3,0.08
56663,Westlake,29,1,32,0.0313,3,0.08
56664,Westlake,29,1,30,0.0333,3,0.08
56665,Westlake,29,1,45,0.0222,3,0.08
56667,Westlake,29,1,25,0.04,3,0.08
56670,Westlake,29,1,37,0.027,3,0.08
56671,Westlake,29,1,34,0.0294,3,0.17
56673,Westlake,29,1,49,0.0204,3,0.17
56674,Westlake,29,1,45,0.0222,3,0.17
56675,Westlake,29,1,32,0.0313,3,0.17
56676,Westlake,29,1,30,0.0333,3,0.17
56677,Westlake,29,1,45,0.0222,3,0.17
56679,Westlake,29,1,25,0.04,3,0.17
56682,Westlake,29,1,37,0.027,3,0.17
56683,Westlake,29,1,34,0.0294,3,0.25
56685,Westlake,29,1,49,0.0204,3,0.25
56686,Westlake,29,1,45,0.0222,3,0.25
56687,Westlake,29,1,32,0.0313,3,0.25
56688,Westlake,29,1,30,0.0333,3,0.25
56689,Westlake,29,1,45,0.0222,3,0.25
56691,Westlake,29,1,25,0.04,3,0.25
56694,Westlake,29,1,37,0.027,3,0.25
56695,Westlake,29,1,34,0.0294,3,0.33
56697,Westlake,29,1,49,0.0204,3,0.33
56698,Westlake,29,1,45,0.0222,3,0.33
56699,Westlake,29,1,32,0.0313,3,0.33
56700,Westlake,29,1,30,0.0333,3,0.33
56701,Westlake,29,1,45,0.0222,3,0.33
56703,Westlake,29,1,25,0.04,3,0.33
56706,Westlake,29,1,37,0.027,3,0.33
56707,Westlake,29,1,34,0.0294,3,0.42
56709,Westlake,29,1,49,0.0204,3,0.42
56710,Westlake,29,1,45,0.0222,3,0.42
56711,Westlake,29,1,32,0.0313,3,0.42
56712,Westlake,29,1,30,0.0333,3,0.42
56713,Westlake,29,1,45,0.0222,3,0.42
56715,Westlake,29,1,25,0.04,3,0.42
56718,Westlake,29,1,37,0.027,3,0.42
56719,Westlake,29,1,34,0.0294,3,0.50
56721,Westlake,29,1,49,0.0204,3,0.50
56722,Westlake,29,1,45,0.0222,3,0.50
56723,Westlake,29,1,32,0.0313,3,0.50
56725,Westlake,29,1,45,0.0222,3,0.50
56727,Westlake,29,1,25,0.04,3,0.50
56730,Westlake,29,1,37,0.027,3,0.50
56731,Westlake,29,1,34,0.0294,3,0.58
56733,Westlake,29,1,49,0.0204,3,0.58
56734,Westlake,29,1,45,0.0222,3,0.58
56735,Westlake,29,1,32,0.0313,3,0.58
56736,Westlake,29,1,30,0.0333,3,0.58
56737,Westlake,29,1,45,0.0222,3,0.58
56739,Westlake,29,1,25,0.04,3,0.58
56742,Westlake,29,1,37,0.027,3,0.58
56743,Westlake,29,1,34,0.0294,3,0.67
56745,Westlake,29,1,49,0.0204,3,0.67
56746,Westlake,29,1,45,0.0222,3,0.67
56747,Westlake,29,1,32,0.0313,3,0.67
56748,Westlake,29,1,30,0.0333,3,0.67
56749,Westlake,29,1,45,0.0222,3,0.67
56751,Westlake,29,1,25,0.04,3,0.67
56754,Westlake,29,1,37,0.027,3,0.67
56755,Westlake,29,1,34,0.0294,3,0.75
56757,Westlake,29,1,49,0.0204,3,0.75
56758,Westlake,29,1,45,0.0222,3,0.75
56759,Westlake,29,1,32,0.0313,3,0.75
56760,Westlake,29,1,30,0.0333,3,0.75
56761,Westlake,29,1,45,0.0222,3,0.75
56763,Westlake,29,1,25,0.04,3,0.75
56765,Westlake,29,1,38,0.0263,3,0.75
56766,Westlake,29,1,37,0.027,3,0.75
56767,Westlake,29,1,34,0.0294,3,0.83
56769,Westlake,29,1,49,0.0204,3,0.83
56770,Westlake,29,1,54,0.0185,3,0.83
56771,Westlake,29,1,32,0.0313,3,0.83
56772,Westlake,29,1,30,0.0333,3,0.83
56773,Westlake,29,1,45,0.0222,3,0.83
56776,Westlake,29,1,38,0.0263,3,0.83
56777,Westlake,29,1,37,0.027,3,0.83
